disease,relation,object
肺泡蛋白质沉积症,发病部位,肺
肺泡蛋白质沉积症,描述,一种罕见疾病，以肺泡和细支气管腔内充满PAS染色阳性，来自肺的富磷脂蛋白质物质为其特征，好发于青中年，男性发病约3倍于女性
肺泡蛋白质沉积症,预防,避免细菌感染，提高免疫力
肺泡蛋白质沉积症,病因,机体免疫功能下降，遗传因素，酗酒，微生物感染
肺泡蛋白质沉积症,主要症状,紫绀，胸痛，呼吸困难，乏力
肺泡蛋白质沉积症,治疗方法,支气管肺泡灌洗
肺泡蛋白质沉积症,传染性,无传染性
百日咳,发病部位,呼吸系统
百日咳,描述,由百日咳杆菌所致的急性呼吸道传染病
百日咳,预防,疫苗接种
百日咳,病因,百日咳杆菌引起
百日咳,主要症状,痉挛性咳嗽
百日咳,治疗方法,药物治疗
百日咳,传染性,呼吸道传播
喘息样支气管炎,发病部位,支气管
喘息样支气管炎,描述,喘息样支气管炎是一临床综合征，泛指一组有喘息表现的婴幼儿急性支气管炎
喘息样支气管炎,预防,注意家族与患儿自身过敏史
喘息样支气管炎,病因,常继发于上呼吸道感染
喘息样支气管炎,主要症状,喘息样支气管炎，发热，呼气时间延长并伴有哮鸣音及粗湿啰音
喘息样支气管炎,治疗方法,药物治疗
喘息样支气管炎,传染性,无传染性
喘息样支气管炎,多发群体,1～3岁小儿
大叶性肺炎,发病部位,肺
大叶性肺炎,描述,又名肺炎球菌肺炎，是由肺炎双球菌等细菌感染引起的呈大叶性分布的肺部急性炎症
大叶性肺炎,预防,注意预防上呼吸道感染，避免淋雨受寒
大叶性肺炎,病因,肺炎链球菌感染
大叶性肺炎,主要症状,寒战，高热，胸痛，咳嗽，咳铁锈色痰，恶心，呕吐
大叶性肺炎,治疗方法,抗生素药物治疗
大叶性肺炎,传染性,无传染性
大叶性肺炎,别称,肺炎球菌肺炎
肺放线菌病,发病部位,肺
肺放线菌病,描述,肺放线菌病由厌氧的以色列放线菌感染肺部引起的慢性化脓性肉芽肿性疾病
肺放线菌病,预防,注意饮食卫生，注意口腔卫生，对病牙及扁桃体等病灶应早期治疗
肺放线菌病,病因,肺放线菌感染
肺放线菌病,主要症状,低热或不规则发热，咳嗽，咳出少量黏液痰
肺放线菌病,治疗方法,大剂量青霉素治疗，手术治疗
肺放线菌病,传染性,无传染性
放射性肺炎,发病部位,肺
放射性肺炎,描述,放射性肺炎是由于肺癌、乳腺癌、食管癌、恶性淋巴瘤或胸部其他恶性肿瘤经放射治疗后，在放射野内的正常肺组织受到损伤而引起的炎症反应
放射性肺炎,预防,严格掌握放射剂量，发病及时治疗
放射性肺炎,病因,放射治疗
放射性肺炎,主要症状,刺激性咳嗽，气急，心悸，胸痛
放射性肺炎,治疗方法,药物对症治疗为主，早期可能需要激素治疗
放射性肺炎,传染性,无传染性
肺念珠菌病,发病部位,肺
肺念珠菌病,描述,肺念珠菌病是念珠菌属引起的急性、亚急性或慢性支气管和肺部感染
肺念珠菌病,预防,勿滥用广谱抗生素
肺念珠菌病,病因,念珠菌感染
肺念珠菌病,主要症状,咳嗽，咳出少量黏液痰
肺念珠菌病,治疗方法,抗真菌治疗
肺念珠菌病,传染性,呼吸道传播
肺大疱,发病部位,肺
肺大疱,描述,肺大疱是指由于各种原因导致肺泡腔内压力升高，肺泡壁破裂并互相融合，在肺组织形成的含气囊腔
肺大疱,预防,戒烟，预防支气管肺部感染。
肺大疱,病因,多继发于肺部和支气管炎性病变，少数为先天性
肺大疱,主要症状,咳嗽，胸闷，气短，呼吸困难
肺大疱,治疗方法,康复治疗，手术治疗
肺大疱,传染性,无传染性
肺大疱,别称,肺大泡，肺气囊
肺气肿,发病部位,肺
肺气肿,描述,肺气肿是指终末细支气管远端的气道弹性减退，过度膨胀、充气和肺容积增大或同时伴有气道壁破坏的病理状态
肺气肿,预防,戒烟，注意生活环境
肺气肿,病因,吸烟，感染，大气污染
肺气肿,主要症状,在咳嗽，咯痰，呼吸困难
肺气肿,治疗方法,药物治疗，手术治疗
肺气肿,传染性,无传染性
肺气肿,多发群体,中老年人
肺脓肿,发病部位,肺
肺脓肿,描述,肺脓肿是由于多种病因所引起的肺组织化脓性病变
肺脓肿,预防,应重视口腔、上呼吸道慢性感染的预防与治疗
肺脓肿,病因,细菌感染，支气管堵塞，全身抵抗力降低
肺脓肿,主要症状,胸痛，黏稠或脓性痰
肺脓肿,治疗方法,药物治疗，手术治疗
肺脓肿,传染性,无传染性
肺脓肿,多发群体,壮年男性
肺栓塞,发病部位,肺
肺栓塞,描述,体循环的各种栓子脱落阻塞肺动脉及其分支引起肺循环障碍的临床病理生理综合征
肺栓塞,预防,预防下肢血栓性静脉炎和血栓形成，防治静脉曲张等
肺栓塞,病因,体循环的各种栓子脱落引起
肺栓塞,主要症状,虚脱，面色苍白，出冷汗，呼吸困难，胸痛，咳嗽
肺栓塞,治疗方法,药物治疗，外科治疗
肺栓塞,传染性,无传染性
肺炎,发病部位,肺
肺炎,描述,肺炎是指终末气道、肺泡和肺间质的炎症
肺炎,预防,注防寒保暖，增强体质
肺炎,病因,细菌感染
肺炎,主要症状,咳泡沫黏液痰，呼吸困难，咳嗽，胸痛
肺炎,治疗方法,药物治疗，支持性治疗
肺炎,传染性,无传染性
肺水肿,发病部位,肺
肺水肿,描述,肺水肿是指肺内组织液从肺毛细血管内外渗，积聚在肺泡、肺间质和细小支气管内，从而造成肺通气与换气功能严重障碍
肺水肿,预防,防寒保暖，避免受凉
肺水肿,病因,可分为心源性和非心源性两大类
肺水肿,主要症状,呼吸困难，发绀，大汗淋漓，咳嗽
肺水肿,治疗方法,药物治疗
肺水肿,传染性,无传染性
肺癌,发病部位,肺
肺癌,描述,肺癌是发病率和死亡率增长最快，对人群健康和生命威胁最大的恶性肿瘤之一
肺癌,预防,戒烟，正确的饮食习惯，注意呼吸环境
肺癌,病因,吸烟，职业暴露，环境污染，结核，肺部慢性炎症，遗传
肺癌,主要症状,咳嗽，痰中带血，低热，胸痛，气闷
肺癌,治疗方法,药物治疗，手术治疗，放射治疗，化疗，靶向药物治疗
肺癌,传染性,无传染性
肺癌,别称,支气管肺癌
呼吸衰竭,发病部位,呼吸系统
呼吸衰竭,描述,呼吸衰竭是各种原因引起的肺通气或换气功能严重障碍，以致不能进行有效的气体交换，导致缺氧从而引起一系列生理功能和代谢紊乱的临床综合征
呼吸衰竭,预防,保持身体健康
呼吸衰竭,主要症状,上肺纤维化明显，呼吸衰竭，呼吸困难
呼吸衰竭,治疗方法,药物治疗
呼吸衰竭,传染性,无传染性
呼吸衰竭,别称,呼衰
急性呼吸窘迫综合征,发病部位,呼吸系统
急性呼吸窘迫综合征,预防,加强监护
急性呼吸窘迫综合征,病因,肺炎，误吸，肺挫伤，全身严重感染，严重多发伤
急性呼吸窘迫综合征,主要症状,昏迷，呼吸衰竭
急性呼吸窘迫综合征,治疗方法,药物治疗，支持性治疗
急性呼吸窘迫综合征,传染性,无传染性
气管肿瘤,发病部位,气管
气管肿瘤,描述,气管肿瘤有良性肿瘤和恶性肿瘤两大类
气管肿瘤,预防,早期诊断，早期治疗
气管肿瘤,病因,气管腔的肿块或溃破癌变
气管肿瘤,主要症状,早期刺激性咳嗽、痰少或无痰，晚期出现气短、呼吸困难、喘鸣
气管肿瘤,治疗方法,手术治疗
气管肿瘤,传染性,无传染性
气管、支气管狭窄,发病部位,气管
气管、支气管狭窄,描述,气管支气管狭窄是气道梗阻引致气急和呼吸困难，体力活动和呼吸道内分泌物增多时加重，常有喘鸣
气管、支气管狭窄,预防,早期发现，早期治疗
气管、支气管狭窄,病因,支气管内病变，创伤
气管、支气管狭窄,主要症状,气急，呼吸困难
气管、支气管狭窄,治疗方法,手术治疗
气管、支气管狭窄,传染性,无传染性
鼾症,发病部位,呼吸系统
鼾症,描述,一种普遍存在的睡眠现象，是在睡觉时由于呼吸受阻舌与软腭颤动而产生粗重的声音
鼾症,预防,避免烟酒，保持良好的生活习惯
鼾症,病因,上呼吸道狭窄或堵塞，鼻腔疾病
鼾症,主要症状,打呼噜，睡眠节律紊乱，心律失常，睡眠呼吸暂停
鼾症,治疗方法,手术治疗，康复治疗
鼾症,传染性,无传染性
鼾症,别称,打鼾，打呼噜，睡眠呼吸暂停综合症
矽肺,发病部位,肺
矽肺,描述,是由于长期吸入大量游离二氧化硅粉尘所引起，以肺部广泛的结节性纤维化为主的疾病
矽肺,预防,工作时加强个人防护
矽肺,病因,空气中粉尘浓度高，接触时间长
矽肺,主要症状,胸痛，肺纤维化
矽肺,治疗方法,药物治疗
矽肺,传染性,无传染性
矽肺,别称,硅肺
哮喘,发病部位,呼吸系统
哮喘,描述,是由多种细胞及细胞组份参与的气道慢性炎症性疾病
哮喘,预防,注意过敏原，加强身体锻炼
哮喘,病因,遗传，变应原引起，环境，药物，生理因素
哮喘,主要症状,突发性喘息，气促，胸闷，咳嗽
哮喘,治疗方法,药物治疗
哮喘,传染性,无传染性
哮喘,别称,支气管哮喘
细菌性肺炎,发病部位,肺
细菌性肺炎,描述,由细菌引起的肺部炎症
细菌性肺炎,预防,增强身体素质
细菌性肺炎,病因,细菌感染所致
细菌性肺炎,主要症状,咳嗽，咳痰，胸痛
细菌性肺炎,治疗方法,药物治疗
细菌性肺炎,传染性,无传染性
细菌性肺炎,多发群体,儿童、老年人
衣原体肺炎,发病部位,肺
衣原体肺炎,描述,衣原体肺炎是由衣原体引起的肺炎
衣原体肺炎,预防,增强免疫能力
衣原体肺炎,病因,衣原体感染引起
衣原体肺炎,主要症状,发热，寒战，肌痛，干咳，非胸膜炎性胸痛，头痛，乏力
衣原体肺炎,治疗方法,药物治疗
衣原体肺炎,传染性,呼吸道传播
衣原体肺炎,多发群体,学龄儿童
支原体肺炎,发病部位,肺
支原体肺炎,描述,支原体肺炎是肺炎支原体引起的急性呼吸道感染伴肺炎
支原体肺炎,预防,增强免疫能力，少去人密集场所
支原体肺炎,病因,支原体感染引起
支原体肺炎,主要症状,干咳，发热
支原体肺炎,治疗方法,药物治疗
支原体肺炎,传染性,空气传播
支气管扩张,发病部位,支气管
支气管扩张,描述,支气管扩张是由于支气管及其周围肺组织慢性化脓性炎症和纤维化，使支气管壁的肌肉和弹性组织破坏，导致支气管变形及持久扩张
支气管扩张,预防,积极治疗呼吸道感染
支气管扩张,病因,感染
支气管扩张,主要症状,慢性咳嗽，咳大量脓痰，咯血
支气管扩张,治疗方法,药物治疗
支气管扩张,传染性,无传染性
单心室,发病部位,心脏
单心室,描述,单心室是一种较少见的先天性畸形
单心室,病因,胚胎发育异常
单心室,主要症状,发绀，心动过速，体重增加缓慢
单心室,治疗方法,手术治疗
单心室,传染性,无传染性
单心室,别称,总心室，单室心
单心室,多发群体,婴幼儿
单心房,发病部位,心脏
单心房,描述,单心房是一种罕见的先天性心脏病，系胚胎发育期房间隔的第1隔和第2隔均未发育所致
单心房,病因,胎发育期房间隔的第1隔和第2隔均未发育
单心房,主要症状,哭吵时气急、发绀
单心房,治疗方法,手术治疗
单心房,传染性,无传染性
动脉硬化,发病部位,动脉
动脉硬化,描述,动脉硬化是动脉的一种非炎症性病变，可使动脉管壁增厚、变硬，失去弹性、管腔狭窄
动脉硬化,预防,养成良好生活习惯
动脉硬化,病因,高血压，高脂血症，肥胖，糖尿病，家族史
动脉硬化,主要症状,心悸，胸痛，胸闷，头痛，头晕
动脉硬化,治疗方法,药物治疗，介入治疗，外科手术
动脉硬化,传染性,无传染性
动脉硬化,多发群体,男性
动脉瘤,发病部位,动脉
动脉瘤,描述,动脉瘤是由于动脉壁的病变或损伤，形成动脉壁局限性或弥漫性扩张或膨出的表现
动脉瘤,预防,有规律锻炼，健康饮食
动脉瘤,病因,动脉粥样硬化，损伤，感染，免疫疾病，先天性动脉壁结构异常
动脉瘤,主要症状,体表搏动性肿块，剧烈疼痛，肢体坏死
动脉瘤,治疗方法,手术治疗
动脉瘤,传染性,无传染性
二尖瓣关闭不全,发病部位,心脏
二尖瓣关闭不全,描述,由于二尖瓣在解剖结构和功能上的异常，造成左心室收缩时左心室内血液部分返流到左心房即称为二尖瓣关闭不全
二尖瓣关闭不全,预防,避免过度的体力劳动及剧烈运动，限制钠盐摄入
二尖瓣关闭不全,病因,风心病，冠心病，先天畸形，腱索断裂，乳头肌坏死
二尖瓣关闭不全,主要症状,乏力，心悸，胸痛，劳力性呼吸困难，端坐呼吸
二尖瓣关闭不全,治疗方法,手术治疗
二尖瓣关闭不全,传染性,无传染性
二尖瓣狭窄,发病部位,心脏
二尖瓣狭窄,描述,二尖瓣狭窄是由于不同原因引起二尖瓣开放功能受限，血液从左心房到左心室血流受阻
二尖瓣狭窄,预防,避免获得风湿热
二尖瓣狭窄,病因,风湿热
二尖瓣狭窄,主要症状,呼吸困难，咯血，咳嗽
二尖瓣狭窄,治疗方法,手术治疗，药物治疗
二尖瓣狭窄,传染性,无传染性
二尖瓣狭窄,多发群体,中青年人
肥厚型梗阻性心肌病,发病部位,心脏
肥厚型梗阻性心肌病,描述,肥厚性梗阻性心肌病的特征为心室肌肥厚，典型者在左心室，以室间隔为甚，偶尔可呈同心性肥厚
肥厚型梗阻性心肌病,预防,避免劳累、激动
肥厚型梗阻性心肌病,病因,不明确，可能为遗传或内分泌紊乱
肥厚型梗阻性心肌病,主要症状,呼吸困难，心前区痛，乏力，头晕，昏厥，心悸，心力衰竭
肥厚型梗阻性心肌病,治疗方法,药物治疗，手术治疗
肥厚型梗阻性心肌病,传染性,无传染性
肥厚型心肌病,发病部位,心脏
肥厚型心肌病,描述,肥厚型心肌病是一种原因不明的心肌疾病，特征为心室壁呈不对称性肥厚
肥厚型心肌病,预防,避免劳累、激动
肥厚型心肌病,病因,常染色体显性遗传
肥厚型心肌病,主要症状,心悸，劳力性呼吸困难，心前区闷痛，易疲劳，晕厥甚至猝死
肥厚型心肌病,治疗方法,药物治疗，手术治疗
肥厚型心肌病,传染性,无传染性
肥厚型心肌病,多发群体,青壮年
肺动静脉瘘,发病部位,肺
肺动静脉瘘,描述,肺动静脉瘘为先天性肺血管畸形
肺动静脉瘘,病因,先天性疾病
肺动静脉瘘,主要症状,胸痛，呼吸困难，气短
肺动静脉瘘,治疗方法,手术治疗
肺动静脉瘘,传染性,无传染性
冠心病,发病部位,心脏
冠心病,描述,冠状动脉粥样硬化使血管狭窄或阻塞，导致心肌缺血缺氧或者坏死，称为冠心病
冠心病,预防,控制血压、血脂、血糖等
冠心病,病因,冠状动脉粥样硬化
冠心病,主要症状,突感心前区疼痛，多为发作性绞痛或压榨痛
冠心病,治疗方法,药物治疗，冠脉搭桥治疗
冠心病,传染性,无传染性。
冠心病,多发群体,中老年人，吸烟者，高血压患者，糖尿病患者，肥胖者
三尖瓣狭窄,发病部位,心脏
三尖瓣狭窄,描述,是由于各种病因引起三尖瓣口狭窄、瓣叶开放受限及开放面积变小，使血流通过受阻的一类心脏瓣膜疾病
三尖瓣狭窄,预防,早发现、早诊断、早治疗
三尖瓣狭窄,病因,风湿性心脏病
三尖瓣狭窄,主要症状,肝区不适，食欲不振，消化不良，腹胀，乏力，四肢水肿
三尖瓣狭窄,治疗方法,药物治疗，手术治疗
三尖瓣狭窄,传染性,无传染性
三尖瓣关闭不全,发病部位,心脏
三尖瓣关闭不全,描述,三尖瓣关闭不全即在右心室收缩时，因各种原因导致三尖瓣瓣叶无法正常闭合，血液由右心室反流至右心房的现象
三尖瓣关闭不全,预防,心脏出现不适及时诊断治疗
三尖瓣关闭不全,病因,肺动脉高压，三尖瓣扩张
三尖瓣关闭不全,主要症状,乏力，腹胀，水肿
三尖瓣关闭不全,治疗方法,药物治疗
三尖瓣关闭不全,传染性,无传染性
三房心,发病部位,心脏
三房心,描述,三房心系胚胎期原发隔异常发育，形成左心房内有畸形隔膜，使左心房分为副房及真正左心房两个部分
三房心,预防,无有效的预防措施，但手术效果较好
三房心,病因,尚不清楚
三房心,主要症状,面色苍白，心动过速，生长发育延迟
三房心,治疗方法,手术治疗，康复治疗
三房心,传染性,无传染性
血管瘤,发病部位,微血管
血管瘤,描述,血管瘤是由胚胎期间成血管细胞增生而形成的常见于皮肤和软组织内的先天性良性肿瘤或血管畸形，多见于婴儿出生时或出生后不久
血管瘤,预防,注意孕期饮食和生活规律
血管瘤,病因,在胎儿早期血管性组织分化阶段，控制基因段出现小范围错构
血管瘤,主要症状,毛细血管型为鲜红或紫红色斑块
血管瘤,治疗方法,口服药物，外用药物，药物瘤体注射，激光，手术切除
血管瘤,传染性,无传染性
血管瘤,多发群体,婴幼儿
心绞痛,发病部位,心脏
心绞痛,描述,心绞痛是冠状动脉供血不足，心肌急剧的暂时缺血与缺氧所引起的以发作性胸痛或胸部不适为主要表现的临床综合征
心绞痛,预防,预防高血压、高血脂
心绞痛,病因,心肌供血不足
心绞痛,主要症状,心前区闷痛，压榨性疼痛
心绞痛,治疗方法,药物治疗，手术治疗
心绞痛,传染性,无传染性
心肌梗死,发病部位,心脏
心肌梗死,描述,冠状动脉闭塞，血流中断，使部分心肌因严重的持久性缺血而发生局部坏死
心肌梗死,预防,避免过度劳累
心肌梗死,病因,过劳，激动，暴饮暴食，寒冷刺激，便秘，吸烟，大量饮酒
心肌梗死,主要症状,胸骨后疼痛，心肌坏死广泛
心肌梗死,治疗方法,药物治疗，手术治疗
心肌梗死,传染性,无传染性
心肌梗死,别称,心肌梗塞
心包囊肿,发病部位,心脏
心包囊肿,描述,心包囊肿是指发生于心包的一种先天性纵隔囊肿
心包囊肿,预防,早检测早治疗
心包囊肿,病因,胚胎时期未正常发育
心包囊肿,主要症状,胸痛，胸闷，胸部胀满，心悸，气短
心包囊肿,治疗方法,手术治疗，保守治疗
心包囊肿,传染性,无传染性
心包肿瘤,发病部位,心脏
心包肿瘤,描述,心包肿瘤指发生于心包的肿瘤，分为良性和恶性两类
心包肿瘤,病因,原发性肿瘤可能从胚胎残余发展而来，继发肿瘤多为体内诸器官恶性肿瘤转移而来
心包肿瘤,主要症状,良性肿瘤一般无症状，恶性肿瘤心前区和胸部疼痛
心包肿瘤,治疗方法,手术治疗，药物治疗，放射治疗
心包肿瘤,传染性,无传染性
心包肿瘤,多发群体,婴儿和儿童多发良性肿瘤，20～30岁者多发恶性肿瘤
左心发育不良,发病部位,心脏
左心发育不良,描述,是一种少见而复杂的先天性心血管畸形
左心发育不良,预防,加强对孕妇的保健
左心发育不良,病因,遗传，基因突变，射线，病毒感染
左心发育不良,主要症状,发绀，气促，呼吸困难，心力衰竭
左心发育不良,治疗方法,手术治疗
左心发育不良,传染性,无传染性
左心发育不良,多发群体,新生儿
主动脉瘤,发病部位,动脉
主动脉瘤,描述,主动脉病理性的扩张，超过正常血管直径的50%
主动脉瘤,预防,养成良好的生活习惯
主动脉瘤,病因,动脉粥样硬化，血管中层囊性坏死，梅毒感染，细菌感染，风湿性主动脉炎，创伤
主动脉瘤,主要症状,疼痛，呼吸困难，吞咽困难
主动脉瘤,治疗方法,手术治疗，药物治疗
主动脉瘤,传染性,无传染性
阿米巴肝脓肿,发病部位,肝脏
阿米巴肝脓肿,描述,阿米巴肝脓肿是由于溶组织阿米巴滋养体从肠道病变处经血流进入肝脏，使肝发生坏死而形成
阿米巴肝脓肿,预防,注意个人卫生及饮食卫生，及时治疗阿米巴痢疾
阿米巴肝脓肿,病因,溶组织阿米巴滋养体从肠道病变处经血流进入肝脏所致
阿米巴肝脓肿,主要症状,长期发热，右上腹或右下胸痛，肝脏肿大压痛，血白细胞增多
阿米巴肝脓肿,治疗方法,药物治疗，手术治疗，支持性治疗
阿米巴肝脓肿,传染性,无传染性
便秘,发病部位,消化系统
便秘,描述,指排便次数减少，排便困难
便秘,预防,合理搭配饮食
便秘,病因,年龄老化，生活习惯不良，心理疾患，肠道疾病，全身疾病，滥用药物
便秘,主要症状,排便次数减少，排便困难，粪便硬结、量少
便秘,治疗方法,药物治疗，促动力药，中医理疗
便秘,传染性,无传染性
便秘,多发群体,老年人
肠扭转,发病部位,大肠
肠扭转,描述,肠扭转是一段肠袢沿肠系膜长轴旋转或两段肠袢扭缠成结而造成闭袢性肠梗阻
肠扭转,预防,避免在饱餐后立即进行重体力劳动
肠扭转,病因,解剖方面的因素和生理或病理方面的因素
肠扭转,主要症状,突发持续性剧烈腹痛，阵发性绞痛，无排气排便，明显腹胀，恶心呕吐等
肠扭转,治疗方法,药物治疗，手术治疗
肠扭转,传染性,无传染性
肠扭转,多发群体,男性
胆石症,发病部位,胆囊
胆石症,描述,胆石症是指胆道系统(包括胆囊和胆管)的任何部位发生结石的疾病
胆石症,预防,控制饮食中胆固醇的过多摄入
胆石症,病因,代谢因素，胆系感染
胆石症,主要症状,右上腹隐痛
胆石症,治疗方法,药物治疗，手术治疗
胆石症,传染性,无传染性
胆石症,别称,胆结石，胆石病
胆石症,多发人群,女性多于男性
胆管癌,发病部位,胆囊
胆管癌,描述,胆管癌是指源于肝外胆管包括肝门区至胆总管下端的胆管的恶性肿瘤
胆管癌,预防,保持愉快的心理状态，养成良好的饮食习惯
胆管癌,病因,可能与胆管结石、原发性硬化性胆管炎等有关
胆管癌,主要症状,胆囊增大，腹部不适，腹泻
胆管癌,治疗方法,手术治疗
胆管癌,传染性,无传染性
胆管癌,多发群体,50～70岁男性
大肠类癌,发病部位,大肠
大肠类癌,描述,大肠类癌是一种少见的低度恶性肿瘤，呈局部性、浸润性生长，很少转移
大肠类癌,预防,健康饮食
大肠类癌,病因,遗传因素，饮食习惯
大肠类癌,主要症状,便秘，腹泻，直肠出血
大肠类癌,治疗方法,手术治疗，药物治疗
大肠类癌,传染性,无传染性
大肠癌,发病部位,大肠
大肠癌,描述,大肠癌是常见的恶性肿瘤，包括结肠癌和直肠癌
大肠癌,预防,饮食调整，改变生活习惯，积极锻炼
大肠癌,病因,大肠慢性炎症，大肠腺瘤，遗传因素
大肠癌,主要症状,早期无或症状不显，仅消化不良、大便潜血
大肠癌,治疗方法,手术治疗，药物治疗
大肠癌,传染性,无传染性
大肠癌,多发群体,老年男性
肝纤维化,发病部位,肝脏
肝纤维化,描述,肝纤维化是一个病理生理过程，是指由各种致病因子所致肝内结缔组织异常增生
肝纤维化,预防,保持良好情绪，戒烟忌酒，饮食健康
肝纤维化,病因,病毒性肝炎，酒精肝，脂肪肝，自身免疫性疾病
肝纤维化,主要症状,疲乏无力，食欲减退，消化不良，肝出血等
肝纤维化,治疗方法,药物治疗
肝纤维化,传染性,无传染性
肝纤维化,多发群体,慢性肝炎和长期酗酒者
肝脓肿,发病部位,肝脏
肝脓肿,描述,肝脓肿是细菌、真菌或溶组织阿米巴原虫等多种微生物引起的肝脏化脓性病变
肝脓肿,预防,注意个人卫生及饮食卫生
肝脓肿,病因,细菌性感染
肝脓肿,主要症状,高热，肝区疼痛，寒战，乏力
肝脓肿,治疗方法,药物治疗，手术治疗
肝脓肿,传染性,无传染性
肝脓肿,多发群体,60-70岁人群
肝腺瘤,发病部位,肝脏
肝腺瘤,描述,是较少见的肝脏良性肿瘤
肝腺瘤,预防,减少口服避孕药的次数
肝腺瘤,病因,与口服避孕药有着密切的关系
肝腺瘤,主要症状,无症状或右上腹隐痛，恶心，纳差
肝腺瘤,治疗方法,手术治疗，药物治疗
肝腺瘤,传染性,无传染性
肝腺瘤,别称,肝细胞腺瘤
肝腺瘤,多发群体,年轻女性
肝囊肿,发病部位,肝脏
肝囊肿,描述,肝囊肿是一种较常见的肝脏良性疾病
肝囊肿,预防,积极防治胆系感染及结石
肝囊肿,病因,多为先天性
肝囊肿,主要症状,肝淤血，食欲减退，肝肿大
肝囊肿,治疗方法,药物治疗
肝囊肿,传染性,无传染性
肝血管瘤,发病部位,肝脏
肝血管瘤,描述,肝血管瘤是一种较为常见的肝脏良性肿瘤，临床上以海绵状血管瘤最多见
肝血管瘤,预防,健康饮食，加强锻炼，保持好心情
肝血管瘤,病因,先天发育异常，激素刺激
肝血管瘤,主要症状,腹部不适，腹部包块
肝血管瘤,治疗方法,药物治疗
肝血管瘤,传染性,无传染性
结肠癌,发病部位,大肠
结肠癌,描述,结肠癌是常见的消化道恶性肿瘤，占胃肠道肿瘤的第二位，好发部位为直肠及直肠与乙状结肠交界处
结肠癌,预防,健康饮食，肠镜检查
结肠癌,病因,高脂肪餐食，纤维素摄入不足
结肠癌,主要症状,腹胀，消化不良，黏液便，血便
结肠癌,治疗方法,手术治疗，药物治疗
结肠癌,传染性,无传染性
结肠癌,多发群体,慢性大肠炎症患者，有家族性多发性肠息肉瘤、结肠癌家族史者
酒精性肝病,发病部位,肝脏
酒精性肝病,描述,酒精性肝病是由于长期大量饮酒导致的肝脏疾病
酒精性肝病,预防,不饮用含有酒精的饮料
酒精性肝病,病因,长期大量饮酒
酒精性肝病,主要症状,恶心，呕吐，黄疸
酒精性肝病,治疗方法,戒酒治疗，药物治疗
酒精性肝病,传染性,无传染性
酒精性肝病,多发群体,有长期饮酒史
结石性胆囊炎,发病部位,胆囊
结石性胆囊炎,描述,结石性胆囊炎系指胆囊内或胆囊颈部发生结石的疾病
结石性胆囊炎,预防,健康饮食，加强锻炼
结石性胆囊炎,病因,胆囊结石，细菌感染
结石性胆囊炎,主要症状,腹痛，腹胀，恶心
结石性胆囊炎,治疗方法,药物治疗，手术治疗
结石性胆囊炎,传染性,无传染性
结肠损伤,发病部位,大肠
结肠损伤,描述,结肠损伤是腹部钝性损伤及穿透性损伤所致的较常见的空腔脏器损伤，也可因医源性损伤
结肠损伤,预防,注意避免创伤
结肠损伤,病因,钝性伤，医源性损伤
结肠损伤,主要症状,腹痛
结肠损伤,治疗方法,药物治疗，手术治疗
结肠损伤,传染性,无传染性
脾破裂,发病部位,脾脏
脾破裂,描述,脾脏是一个血供丰富而质脆的实质性器官，外伤暴力很容易使其破裂引起内出血
脾破裂,预防,避免剧烈运动
脾破裂,病因,外界暴力的作用，剧烈咳嗽、打喷嚏或突然体位改变
脾破裂,主要症状,左上腹疼痛，深呼吸时疼痛加重
脾破裂,治疗方法,手术治疗，药物治疗
脾破裂,传染性,无传染性
食管癌,发病部位,食道
食管癌,描述,食管癌是常见的消化道肿瘤，全世界每年约有30万人死于食管癌
食管癌,预防,改变饮食习惯
食管癌,病因,环境因素，饮食习惯
食管癌,主要症状,咽食物梗噎感，胸骨后疼痛，进行性咽下困难
食管癌,治疗方法,手术治疗，药物治疗
食管癌,传染性,无传染性
食管癌,别称,食道癌
食管癌,多发群体,40岁以上人群
食管平滑肌瘤,发病部位,食道
食管平滑肌瘤,描述,是起源于食管平滑肌的良性肿瘤
食管平滑肌瘤,预防,早诊断早治疗
食管平滑肌瘤,病因,尚不清楚
食管平滑肌瘤,主要症状,吞咽梗阻感，胸骨后钝痛
食管平滑肌瘤,治疗方法,手术治疗，药物治疗
食管平滑肌瘤,传染性,无传染性
胃癌,发病部位,胃
胃癌,描述,胃癌是起源于胃黏膜上皮的恶性肿瘤
胃癌,预防,注意饮食卫生，加强身体素质
胃癌,病因,生活环境，幽门螺杆菌感染，基因，饮食因素
胃癌,主要症状,上腹疼痛，食欲缺乏，消瘦
胃癌,治疗方法,手术治疗，化疗，靶向药物治疗药物治疗
胃癌,传染性,有幽门螺旋杆菌杆菌者传染，其他无传染
胃癌,多发群体,50岁以上男性
胃心综合征,发病部位,胃
胃心综合征,发病部位,心脏
胃心综合征,描述,指由于胃部疾病反射性引起心血管系统的功能紊乱
胃心综合征,预防,应注意戒烟戒酒，积极进行体育锻炼
胃心综合征,病因,尚不清楚
胃心综合征,主要症状,心前区不适或隐痛，或似心绞痛，胸闷气短
胃心综合征,治疗方法,药物治疗
胃心综合征,传染性,无传染性
胃心综合征,别称,Roemheld综合征
胃心综合征,多发群体,青年人
胃损伤,发病部位,胃
胃损伤,描述,具有一定强度的各种致伤因素都可以引起胃损伤
胃损伤,病因,锐性器械所致
胃损伤,主要症状,上腹部疼痛，休克，恶心，呕吐
胃损伤,治疗方法,药物治疗，手术治疗
胃损伤,传染性,无传染性
胃下垂,发病部位,胃
胃下垂,描述,胃的下缘达盆腔，胃小弯弧线最低点降至髂嵴连线以下
胃下垂,预防,少食多餐，营养均衡
胃下垂,病因,先天性，饮食失调
胃下垂,主要症状,腹胀及上腹不适，厌食，嗳气，便秘，腹痛
胃下垂,治疗方法,药物治疗
胃下垂,传染性,无传染性
胃平滑肌肉瘤,发病部位,胃
胃平滑肌肉瘤,描述,胃平滑肌肉瘤是起源于胃平滑肌组织的恶性肿瘤
胃平滑肌肉瘤,预防,注意饮食卫生
胃平滑肌肉瘤,病因,胃平滑肌组织病变
胃平滑肌肉瘤,主要症状,反复出血，腹部不适，腹部包块
胃平滑肌肉瘤,治疗方法,手术治疗，药物治疗
胃平滑肌肉瘤,传染性,无传染性
胃平滑肌肉瘤,多发群体,中年人
胃病,发病部位,胃
胃病,描述,是许多与胃相关疾病的统称
胃病,预防,养成良好饮食习惯，忌烟忌酒
胃病,病因,遗传因素，环境因素，饮食，药物副作用，细菌感染
胃病,主要症状,上腹部不适或疼痛，反酸，恶心呕吐，腹泻，食欲不振
胃病,治疗方法,药物治疗，手术治疗，介入治疗
胃病,传染性,无传染性
胃良性肿瘤,发病部位,胃
胃良性肿瘤,描述,胃良性肿瘤一类源于胃壁黏膜上皮组织的腺瘤或息肉样腺瘤
胃良性肿瘤,预防,注意饮食卫生
胃良性肿瘤,病因,遗传因素，饮食习惯
胃良性肿瘤,主要症状,溃疡，胃出血，长期粪便隐血阳性
胃良性肿瘤,治疗方法,药物治疗，手术治疗
胃良性肿瘤,传染性,无传染性
小肠系膜损伤,发病部位,肠系膜
小肠系膜损伤,描述,小肠及其系膜在腹腔内所占体积大、分布广、又缺乏坚强的保护，易受损伤
小肠系膜损伤,病因,外伤所致
小肠系膜损伤,主要症状,腹部压痛，休克，内出血
小肠系膜损伤,治疗方法,手术治疗，药物治疗
小肠系膜损伤,传染性,无传染性
药物性胃病,发病部位,胃
药物性胃病,描述,药物引起胃的不良反应
药物性胃病,预防,合理用药
药物性胃病,病因,药物损伤胃正常组织
药物性胃病,主要症状,食欲下降，胃痛
药物性胃病,治疗方法,对症治疗
药物性胃病,传染性,无传染性
药物性肝病,发病部位,肝脏
药物性肝病,描述,药物性肝病是指某些药物对肝的直接或间接损伤引起的疾病
药物性肝病,预防,合理用药
药物性肝病,病因,使用某种药物
药物性肝病,主要症状,发热，乏力，纳差，黄疸，血清转氨酶上升，淋巴结肿大，上腹痛
药物性肝病,治疗方法,药物治疗
药物性肝病,传染性,无传染性
药物性肝病,别称,药物性肝炎
原发性肝癌,发病部位,肝脏
原发性肝癌,描述,肝脏恶性肿瘤
原发性肝癌,预防,积极防治病毒性肝炎，加强粮油食品防霉去毒
原发性肝癌,病因,肝硬化，病毒性肝炎，黄曲霉素等化学致癌物质
原发性肝癌,主要症状,腹部肿块，肝功能受，损肝区疼痛，肝大
原发性肝癌,治疗方法,手术治疗，药物治疗
原发性肝癌,传染性,无传染性
原发性肝癌,多发群体,40～50岁男性
脂肪肝,发病部位,肝脏
脂肪肝,描述,脂肪肝是指由于各种原因引起的肝细胞内脂肪堆积过多的病变，是一种常见的肝脏病理改变
脂肪肝,预防,合理膳食，戒酒，适当运动
脂肪肝,病因,酗酒，快速减肥，营养不良，糖尿病，某些药物
脂肪肝,主要症状,疲乏感是脂肪肝患者最常见的自觉症状
脂肪肝,治疗方法,药物治疗，康复治疗
脂肪肝,传染性,无传染性
脂肪肝,多发群体,肥胖者
多囊肾,发病部位,肾
多囊肾,描述,多囊肾为肾实质中有无数的大小不等的囊肿，使肾体积整个增大
多囊肾,预防,维持肾正常功能
多囊肾,病因,确切病因尚不清楚，大多是由于基因缺失
多囊肾,主要症状,肾肿大，肾区疼痛，血尿，高血压
多囊肾,治疗方法,支持性治疗，康复治疗
多囊肾,传染性,无传染性
多囊肾,别称,Potter(Ⅰ)综合征，Perlmann综合征，先天性肾囊肿瘤病，囊胞肾等
膀胱癌,发病部位,膀胱
膀胱癌,描述,膀胱癌是指发生在膀胱黏膜上的恶性肿瘤
膀胱癌,预防,增加饮水量
膀胱癌,病因,遗传因素，环境因素
膀胱癌,主要症状,血尿，膀胱刺激症，排尿困难，上尿路阻塞
膀胱癌,治疗方法,药物治疗，支持性治疗，放射治疗
膀胱癌,传染性,无传染性
膀胱癌,多发群体,长期吸烟者，工作接触芳香胺类化学物质者
输尿管损伤,发病部位,输尿管
输尿管损伤,描述,手术或外界暴利引起的输尿管损伤
输尿管损伤,病因,开放性手术损伤，腔内器械损伤，放射性损伤，外伤外界暴力引起输尿管损伤
输尿管损伤,主要症状,血尿，尿外渗，尿漏，腰区胀痛，叩击痛
输尿管损伤,治疗方法,药物治疗，手术治疗
输尿管损伤,传染性,无传染性
肾脏损伤,发病部位,肾
肾脏损伤,描述,肾脏损伤多由火器伤、刺伤以及局部直接或间接暴力所致
肾脏损伤,预防,注意生活安全
肾脏损伤,病因,肾区受到直接打击
肾脏损伤,主要症状,休克，尿外渗
肾脏损伤,治疗方法,药物治疗，康复治疗，手术治疗
肾脏损伤,传染性,无传染性
肾囊肿,发病部位,肾
肾囊肿,描述,肾脏内出现与外界不相通的囊性病变
肾囊肿,病因,尚不清楚
肾囊肿,主要症状,腰腹部及背部呈现间歇性钝痛
肾囊肿,治疗方法,药物治疗，手术治疗
肾囊肿,传染性,无传染性
肾囊肿,多发群体,男性年长者
肾细胞癌,发病部位,肾
肾细胞癌,描述,起源于肾实质泌尿小管上皮系统的恶性肿瘤
肾细胞癌,预防,戒除烟酒嗜好，建立良好的生活习惯
肾细胞癌,病因,吸烟，肥胖，高血压，糖尿病，放射，相关药物
肾细胞癌,主要症状,发热，高血压，血沉快，贫血
肾细胞癌,治疗方法,药物治疗
肾细胞癌,传染性,无传染性
肾细胞癌,别称,肾腺癌
肾细胞癌,多发群体,40～55岁男性
肾动脉闭塞,发病部位,肾
肾动脉闭塞,描述,肾动脉闭塞是指肾动脉主干或较大分支由于血管壁或血液因素导致肾动脉腔内发生的完全闭塞
肾动脉闭塞,预防,健康饮食
肾动脉闭塞,病因,血管损伤，血液高凝
肾动脉闭塞,主要症状,持续性胁痛，局部触痛，发热，恶心，呕吐，高血压
肾动脉闭塞,治疗方法,药物治疗，手术治疗
肾动脉闭塞,传染性,无传染性
阴茎纤维性海绵体炎,发病部位,阴茎
阴茎纤维性海绵体炎,描述,阴茎纤维性海绵体炎为阴茎海绵体与白膜间的纤维化病变，在阴茎海绵体上出现单个或数个病损斑块
阴茎纤维性海绵体炎,预防,积极参加体育锻炼，避免不良生活习惯
阴茎纤维性海绵体炎,病因,创伤，遗传因素
阴茎纤维性海绵体炎,主要症状,疼痛
阴茎纤维性海绵体炎,治疗方法,手术治疗，药物治疗
阴茎纤维性海绵体炎,多发群体,男性
阿尔茨海默病,发病部位,大脑
阿尔茨海默病,描述,阿尔茨海默病是慢性进行性中枢神经系统变性病导致的痴呆
阿尔茨海默病,预防,戒烟戒酒，多进行脑力活动
阿尔茨海默病,病因,遗传因素，神经递质，免疫因素，环境因素
阿尔茨海默病,主要症状,认知功能下降，行为障碍，生活能力逐渐下降
阿尔茨海默病,治疗方法,对症治疗，药物治疗，康复治疗，支持性治疗
阿尔茨海默病,传染性,无传染性
阿尔茨海默病,别称,老年痴呆症
阿尔茨海默病,多发群体,70岁以上人群
短暂性脑缺血发作,发病部位,大脑
短暂性脑缺血发作,描述,短暂性脑缺血发作指某一区域脑组织因血液供应不足导致其功能发生短暂的障碍
短暂性脑缺血发作,预防,认真管理血压
短暂性脑缺血发作,病因,脑动脉粥样硬化，脑动脉微栓塞
短暂性脑缺血发作,主要症状,短暂性失语，瘫痪，感觉障碍
短暂性脑缺血发作,治疗方法,药物治疗
短暂性脑缺血发作,传染性,无传染性
短暂性脑缺血发作,多发群体,中老年人
脊髓血管病,发病部位,脊髓
脊髓血管病,描述,脊髓血管病是由供应脊髓的血管阻塞或破裂引起脊髓功能障碍的一组疾病
脊髓血管病,预防,早发现、早诊断、早治疗
脊髓血管病,病因,脊髓动脉粥样硬化
脊髓血管病,主要症状,缺血性脊髓血管病，脊髓出血，脊髓血管畸形，脊髓静脉疾病
脊髓血管病,治疗方法,药物治疗
脊髓血管病,传染性,无传染性
脑出血,发病部位,大脑
脑出血,描述,是指非外伤性脑实质内的自发性出血，病因多样，绝大多数是高血压小动脉硬化的血管破裂引起
脑出血,预防,注意天气，控制血压，注意饮食
脑出血,病因,高血压合并小动脉硬化，微动脉瘤或者微血管瘤破裂
脑出血,主要症状,昏迷，言语功能的部分丧失，脑死亡，感觉障碍
脑出血,治疗方法,药物治疗，手术治疗
脑出血,传染性,无传染性
脑出血,别称,脑溢血
脑出血,多发群体,中老年人，高血压病人，脑血管畸形者
脑血栓,发病部位,大脑
脑血栓,描述,脑血管增厚和管腔狭窄闭塞，导致血栓形成，引起脑局部血流减少或供血中断，脑组织缺血缺氧导致软化坏死
脑血栓,预防,饮食调整，戒降烟酒，生活规律
脑血栓,病因,动脉粥样硬化，血管内栓子脱落
脑血栓,主要症状,上下肢麻木无力，口眼歪斜，偏瘫
脑血栓,治疗方法,康复治疗，药物治疗
脑血栓,传染性,无传染性
脑血栓,多发群体,50岁以上中老年人，风湿性心脏病病人，高血压病人
脑动脉硬化症,发病部位,大脑
脑动脉硬化症,描述,脑动脉硬化症指脑动脉硬化后，因脑部多发性梗塞、软化、坏死和萎缩引起一系列慢性脑病，如神经衰弱综合征
脑动脉硬化症,预防,养成健康生活方式，定期监测血糖
脑动脉硬化症,病因,弥漫性脑动脉硬化，脑血流量减少
脑动脉硬化症,主要症状,心脑供血不足，疲乏，伴高血压，记忆力障碍，头晕，头痛
脑动脉硬化症,治疗方法,药物治疗
脑动脉硬化症,传染性,无传染性
脑动脉硬化症,多发群体,40岁以上男性中老年人
脑脓肿,发病部位,大脑
脑脓肿,描述,指由化脓性细菌引起的脑组织的化脓性感染
脑脓肿,预防,早诊断早治疗
脑脓肿,病因,感染
脑脓肿,主要症状,脑炎，组织软化坏死，颅内压增高
脑脓肿,治疗方法,药物抗菌治疗
脑脓肿,传染性,无传染性
脑性瘫痪综合征,发病部位,大脑
脑性瘫痪综合征,描述,一组持续存在的中枢性运动和姿势发育障碍、活动受限症候群
脑性瘫痪综合征,预防,保证孕期身体健康
脑性瘫痪综合征,病因,父母近亲结婚，有智力低下家族史，胎儿异常分娩
脑性瘫痪综合征,主要症状,运动障碍，姿势异常
脑性瘫痪综合征,治疗方法,手术治疗，药物治疗
脑性瘫痪综合征,传染性,无传染性
帕金森病,发病部位,神经系统
帕金森病,描述,中老年人常见的神经系统变性疾病
帕金森病,预防,定期体检，生活环境健康，重视老年病
帕金森病,病因,遗传因素，环境因素
帕金森病,主要症状,静止性震颤，运动迟缓，肌强直
帕金森病,治疗方法,药物治疗，康复治疗
帕金森病,传染性,无传染性
神经系统的放射性损伤,发病部位,神经系统
神经系统的放射性损伤,描述,神经系统放射性损伤是指神经系统各部位经电离辐射所产生的组织不良反应
神经系统的放射性损伤,预防,在放射治疗中出现放射性神经损伤时应立即停止放疗
神经系统的放射性损伤,病因,辐射通过直接损伤、血管破坏、自身免疫引起神经组织破坏及炎症反应
神经系统的放射性损伤,主要症状,嗜睡，触电感，瘫痪，感觉缺失
神经系统的放射性损伤,治疗方法,药物治疗
神经系统的放射性损伤,传染性,无传染性
神经系统的放射性损伤,多发群体,接受头颈部放射治疗的肿瘤患者
运动神经元疾病,发病部位,神经系统
运动神经元疾病,描述,运动神经元病是一组病因未明的选择性侵犯脊髓前角细胞、脑干运动神经元、皮层锥体细胞及锥体束的慢性进行性神经变性疾病
运动神经元疾病,主要症状,肌肉无力，肌肉萎缩，肌束震颤，肌张力增高
运动神经元疾病,治疗方法,药物治疗，康复治疗
运动神经元疾病,传染性,无传染性
咽部神经鞘膜瘤,发病部位,咽
咽部神经鞘膜瘤,描述,咽部神经鞘膜瘤好发于咽后壁及侧壁，是咽部较为常见的良性神经源性肿瘤
咽部神经鞘膜瘤,预防,健康饮食
咽部神经鞘膜瘤,病因,遗传因素
咽部神经鞘膜瘤,主要症状,咽部异物感，咽部不适感，吞咽障碍，语音改变
咽部神经鞘膜瘤,治疗方法,药物治疗，手术治疗
咽部神经鞘膜瘤,传染性,无传染性
咽部神经鞘膜瘤,多发群体,20～50岁人群
单纯性甲状腺肿,发病部位,甲状腺
单纯性甲状腺肿,描述,单纯性甲状腺肿是甲状腺功能正常的甲状腺肿，是以缺碘、致甲状腺肿物质或相关酶缺陷等原因所致的代偿性甲状腺肿大
单纯性甲状腺肿,病因,缺碘，致甲状腺肿物质，相关酶缺陷
单纯性甲状腺肿,主要症状,甲状腺肿大
单纯性甲状腺肿,治疗方法,药物治疗
单纯性甲状腺肿,传染性,无传染性
单纯性甲状腺肿,别称,非毒性甲状腺肿，地方性甲状腺肿，散发性甲状腺肿
骨质疏松,发病部位,骨架
骨质疏松,描述,一种系统性骨病，其特征是骨量下降和骨的微细结构破坏，脆性增加
骨质疏松,预防,合理补充身体钙含量
骨质疏松,病因,多种疾病，绝经
骨质疏松,主要症状,腰背疼，身长缩短，驼背，易骨折
骨质疏松,治疗方法,支持性治，康复治疗
骨质疏松,传染性,无传染性
骨质疏松,多发群体,中老年人
甲状腺腺瘤,发病部位,甲状腺
甲状腺腺瘤,描述,甲状腺腺瘤是起源于甲状腺滤泡细胞的良性肿瘤，是甲状腺最常见的良性肿瘤
甲状腺腺瘤,预防,早发现、早诊断、早治疗
甲状腺腺瘤,病因,尚不清楚
甲状腺腺瘤,主要症状,颈部肿物
甲状腺腺瘤,治疗方法,药物治疗
甲状腺腺瘤,传染性,无传染性
甲状腺腺瘤,多发群体,15～40岁最多见
巨人症及肢端肥大症,发病部位,内分泌系统
巨人症及肢端肥大症,描述,巨人症及肢端肥大症系腺垂体分泌生长激素过多所致
巨人症及肢端肥大症,病因,腺垂体分泌生长激素过多
巨人症及肢端肥大症,主要症状,肢体过度肥大，体型异常
巨人症及肢端肥大症,治疗方法,药物治疗
巨人症及肢端肥大症,传染性,无传染性
气管支气管异物,发病部位,气管
气管支气管异物,发病部位,支气管
气管支气管异物,描述,气管支气管异物是临床常见急症，异物可存留在喉咽腔、喉腔、气管和支气管内，引起声嘶、呼吸困难等
气管支气管异物,预防,教育儿童养成好习惯
气管支气管异物,病因,异物误入气道
气管支气管异物,主要症状,剧烈呛咳，面色青紫，声嘶，呼吸困难
气管支气管异物,治疗方法,手术治疗
气管支气管异物,传染性,无传染性
气管支气管异物,多发群体,2岁以下的儿童
乳腺增生,发病部位,乳腺
乳腺增生,描述,乳腺增生是妇女常见的乳腺疾病，是乳腺组织增生及退行性变，与内分泌功能紊乱密切相关
乳腺增生,预防,改变饮食，生活要有规律
乳腺增生,病因,内分泌功能紊乱
乳腺增生,主要症状,乳房疼痛，乳房肿块
乳腺增生,治疗方法,药物治疗
乳腺增生,传染性,无传染性
乳腺增生,易发人群,25～45岁的女性
乳腺癌,发病部位,乳腺
乳腺癌,描述,乳腺癌是发生在乳腺腺上皮组织的恶性肿瘤
乳腺癌,预防,早发现、早诊断、早治疗
乳腺癌,病因,尚不清楚
乳腺癌,主要症状,乳头溢液，乳房肿块
乳腺癌,治疗方法,手术治疗，药物治疗
乳腺癌,传染性,无传染性
松果体瘤,发病部位,松果体
松果体瘤,描述,松果体瘤是指松果体肿瘤引起的促性腺激素及性激素分泌增多
松果体瘤,预防,忌烟忌酒，养成良好的生活习惯，生活要规律
松果体瘤,病因,尚不清楚
松果体瘤,主要症状,性早熟，头痛呕吐，视力下降
松果体瘤,治疗方法,药物治疗
松果体瘤,传染性,无传染性
松果体瘤,别称,松果体生殖细胞瘤，性早熟综合征，早熟性巨生殖器巨体综合征
松果体瘤,多发群体,男孩
外科淋巴管瘤,发病部位,淋巴管
外科淋巴管瘤,描述,由于淋巴管增生和扩张而成的淋巴管瘤是一种良性肿瘤
外科淋巴管瘤,病因,尚不清楚
外科淋巴管瘤,主要症状,淋巴管淤积，口腔血泡，继发感染
外科淋巴管瘤,治疗方法,药物治疗，手术治疗
外科淋巴管瘤,传染性,无传染性
胸腺瘤,发病部位,胸腺
胸腺瘤,描述,胸腺瘤是来源于胸腺上皮的肿瘤
胸腺瘤,预防,早发现、早诊断、早治疗
胸腺瘤,病因,尚不清楚
胸腺瘤,主要症状,胸痛，胸闷，咳嗽，前胸部不适
胸腺瘤,治疗方法,药物治疗，手术治疗
胸腺瘤,传染性,无传染性
下丘脑疾病,发病部位,大脑
下丘脑疾病,描述,下丘脑疾病是由于多处原因所致下丘脑功能受损的一组疾病，主要特点是内分泌功能紊乱与植物神经功能失调
下丘脑疾病,病因,感染，肿瘤，创伤，先天性疾病，退行性病变，某些药物
下丘脑疾病,主要症状,肥胖，性早熟，怕冷，脱发
下丘脑疾病,治疗方法,药物治疗
下丘脑疾病,传染性,无传染性
胰岛素瘤,发病部位,胰岛
胰岛素瘤,描述,胰岛素瘤指因胰岛β细胞瘤或β细胞增生造成胰岛素分泌过多，进而引起低血糖症
胰岛素瘤,预防,早发现、早诊断、早治疗
胰岛素瘤,病因,胰岛β细胞瘤或β细胞增生造成胰岛素分泌过多
胰岛素瘤,主要症状,面色苍白，四肢发凉，出冷汗，心悸，手颤腿软
胰岛素瘤,治疗方法,药物治疗，手术治疗
胰岛素瘤,传染性,无传染性
多发性骨髓瘤,发病部位,骨髓
多发性骨髓瘤,描述,多发性骨髓瘤是一种恶性浆细胞病，其肿瘤细胞起源于骨髓中的浆细胞
多发性骨髓瘤,预防,健康饮食
多发性骨髓瘤,病因,尚不清楚
多发性骨髓瘤,主要症状,贫血，骨痛，肾功能不全，感染
多发性骨髓瘤,治疗方法,药物治疗，放疗
多发性骨髓瘤,传染性,无传染性
多发性骨髓瘤,多发群体,40岁以上，特别是60岁以上的老年人
恶性淋巴瘤,发病部位,淋巴
恶性淋巴瘤,描述,起源于淋巴造血系统的恶性肿瘤的总称
恶性淋巴瘤,预防,减少感染，适当锻炼
恶性淋巴瘤,病因,病毒感染，细菌感染
恶性淋巴瘤,主要症状,淋巴结肿大，头颈部肿胀，咳嗽，呼吸困难，吞咽困难
恶性淋巴瘤,治疗方法,药物治疗，手术治疗
恶性淋巴瘤,传染性,无传染性
骨髓纤维化,发病部位,骨髓
骨髓纤维化,描述,骨髓造血组织中胶原增生，其纤维组织严重地影响造血功能所引起的一种骨髓增生性疾病
骨髓纤维化,预防,避免接触化学物质，适当加强锻炼
骨髓纤维化,病因,尚不清楚
骨髓纤维化,主要症状,无力，疲乏，面色苍白，骨痛，骨质硬化
骨髓纤维化,治疗方法,药物治疗，对症治疗
骨髓纤维化,传染性,无传染性
骨髓纤维化,别称,髓纤
骨髓纤维化,多发群体,50～70岁
霍奇金淋巴瘤,发病部位,淋巴
霍奇金淋巴瘤,描述,淋巴瘤的一种独特类型，为青年人中最常见的恶性肿瘤之一
霍奇金淋巴瘤,预防,增加免疫能力，注意生活环境
霍奇金淋巴瘤,病因,尚不清楚
霍奇金淋巴瘤,主要症状,无痛性淋巴结肿大，发热，盗汗，消瘦
霍奇金淋巴瘤,治疗方法,药物治疗
霍奇金淋巴瘤,传染性,无传染性
霍奇金淋巴瘤,别称,何杰金病
霍奇金淋巴瘤,多发群体,青年男性
充血性脾肿大,发病部位,脾脏
充血性脾肿大,描述,充血性脾肿大是由肝硬化引起的门静脉高压，门静脉或脾静脉的炎症或血栓
充血性脾肿大,预防,注意休息，劳逸结合
充血性脾肿大,病因,肝硬化，炎症等
充血性脾肿大,主要症状,脾肿大，腹水，门脉高压
充血性脾肿大,治疗方法,药物治疗
充血性脾肿大,传染性,无传染性
强直性脊柱炎,发病部位,脊柱
强直性脊柱炎,描述,强直性脊柱炎是一种主要侵犯脊柱，并可不同程度的累及骶髂关节和周围关节的慢性进行性炎性疾病
强直性脊柱炎,预防,注意防范风寒，坚持经常锻炼
强直性脊柱炎,病因,环境因素，遗传因素，免疫因素，代谢因素
强直性脊柱炎,主要症状,脊柱尤以腰骶部病变显著
强直性脊柱炎,治疗方法,药物治疗，手术治疗
强直性脊柱炎,传染性,无传染性
强直性脊柱炎,多发群体,青年男性
乳房纤维瘤,发病部位,乳腺
乳房纤维瘤,描述,由腺上皮和纤维组织两种成分混合组成的良性肿瘤，好发于青年女性
乳房纤维瘤,预防,坚持体检，养成良好生活习惯
乳房纤维瘤,病因,卵巢功能旺盛，雌激素水平过高等引
乳房纤维瘤,主要症状,乳房无痛性肿块
乳房纤维瘤,治疗方法,药物治疗
乳房纤维瘤,传染性,无传染性
胸骨骨折,发病部位,骨架
胸骨骨折,描述,多由直接暴力或作用于胸前的挤压力量所造成的骨折
胸骨骨折,预防,注意日常生活安全
胸骨骨折,病因,直接暴力冲击所致
胸骨骨折,主要症状,胸骨处肿胀，压痛，呼吸道、胸腔血管或脊柱损伤
胸骨骨折,治疗方法,药物治疗，康复治疗，手术治疗
胸骨骨折,传染性,无传染性
胸骨骨折,多发群体,车祸患者
原发性心脏肿瘤,发病部位,心脏
原发性心脏肿瘤,描述,原发性心脏肿瘤是指原发于心脏各腔室及其相通大血管的肿瘤
原发性心脏肿瘤,预防,早发现、早诊断、早治疗
原发性心脏肿瘤,病因,尚不清楚
原发性心脏肿瘤,主要症状,心悸，气急，胸闷
原发性心脏肿瘤,治疗方法,康复治疗，手术治疗
原发性心脏肿瘤,传染性,无传染性
侧脑室肿瘤,发病部位,脑室
侧脑室肿瘤,描述,位于侧脑室内的肿瘤
侧脑室肿瘤,预防,早发现、早诊断、早治疗
侧脑室肿瘤,病因,环境因素，遗传因素，代谢因素
侧脑室肿瘤,主要症状,昏迷，头痛，记忆力减退，恶心
侧脑室肿瘤,治疗方法,药物治疗，手术治疗
侧脑室肿瘤,传染性,无传染性
侧脑室肿瘤,多发群体,常见于年轻人
第四脑室肿瘤,发病部位,脑室
第四脑室肿瘤,描述,第四脑室肿瘤是指肿瘤长在位于幕下后颅凹内的第四脑室，引起颅内高压等临床症状的疾病
第四脑室肿瘤,预防,保持良好生活习惯
第四脑室肿瘤,病因,遗传因素，免疫因素，环境因素
第四脑室肿瘤,主要症状,头痛，恶心，呕吐，眩晕，视力下降
第四脑室肿瘤,治疗方法,药物治疗，手术治疗
第四脑室肿瘤,传染性,无传染性
第四脑室肿瘤,多发群体,儿童及青年人
多发性颅内血肿,发病部位,大脑
多发性颅内血肿,描述,颅脑损伤后颅内同时形成两个以上不同部位或类型的血肿时
多发性颅内血肿,预防,注意安全，避免外伤
多发性颅内血肿,病因,外伤
多发性颅内血肿,主要症状,昏迷，意识障碍
多发性颅内血肿,治疗方法,药物治疗，手术治疗
多发性颅内血肿,传染性,无传染性
第三脑室肿瘤,发病部位,脑室
第三脑室肿瘤,描述,第三脑室肿瘤指原发于第三脑室内或由第三脑室外突入第三脑室内生长的肿瘤
第三脑室肿瘤,预防,健康饮食，加强锻炼
第三脑室肿瘤,病因,环境因素，免疫因素
第三脑室肿瘤,主要症状,头痛，视力下降
第三脑室肿瘤,治疗方法,药物治疗，手术治疗
第三脑室肿瘤,传染性,无传染性
第三脑室肿瘤,多发群体,成年人
颈椎管狭窄症,发病部位,骨架
颈椎管狭窄症,描述,颈椎管各个方向径线减小，或者说容积减小
颈椎管狭窄症,预防,注意休息，颈部按摩
颈椎管狭窄症,病因,椎间盘突出，肿瘤，单纯退变
颈椎管狭窄症,主要症状,四肢麻木、过敏或疼痛，四肢无力，头晕
颈椎管狭窄症,治疗方法,手术治疗，药物治疗，康复治疗
颈椎管狭窄症,传染性,无传染性
脊柱裂,发病部位,脊柱
脊柱裂,描述,脊柱裂一种常见的先天畸形
脊柱裂,预防,注意孕期观察
脊柱裂,病因,胚胎未正常发育
脊柱裂,主要症状,脊椎管缺损，囊状物
脊柱裂,治疗方法,药物治疗，康复治疗，手术治疗
脊柱裂,传染性,无传染性
脊柱裂,别称,椎管闭合不全
颅骨骨髓炎,发病部位,大脑
颅骨骨髓炎,描述,病菌侵入颅骨引起的非特异性炎性反应
颅骨骨髓炎,预防,脑外伤后要及时处理伤口
颅骨骨髓炎,病因,为头部伤口受到污染
颅骨骨髓炎,主要症状,局部红肿热痛，脓肿
颅骨骨髓炎,治疗方法,康复治疗，手术治疗
颅骨骨髓炎,传染性,无传染性
颅骨骨髓炎,多发群体,青少年
颅内动脉瘤,发病部位,大脑
颅内动脉瘤,描述,颅内动脉瘤是指脑动脉内腔的局限性异常扩大造成动脉壁的一种瘤状突出
颅内动脉瘤,预防,健康饮食，加强锻炼
颅内动脉瘤,病因,高血压，动脉粥样硬化
颅内动脉瘤,主要症状,头痛
颅内动脉瘤,治疗方法,手术治疗，药物治疗
颅内动脉瘤,传染性,无传染性
脑疝,发病部位,大脑
脑疝,描述,当颅腔内某一分腔有占位性病变时，该分腔的压力比邻近分腔的压力高，脑组织从高压区向低压区移位，从而引起一系列临床综合征
脑疝,预防,早发现、早治疗
脑疝,病因,颅内任何体积较大的占位病变
脑疝,主要症状,剧烈头痛，呕吐，嗜睡
脑疝,治疗方法,药物治疗，手术治疗
脑疝,传染性,无传染性
脑室内出血,发病部位,脑室
脑室内出血,描述,颅内血管破裂，血液进入脑室系统引起的综合征
脑室内出血,病因,外伤，自发
脑室内出血,主要症状,头痛，头晕，恶心，呕吐，血压升高
脑室内出血,治疗方法,药物治疗，手术治疗，康复治疗
脑室内出血,传染性,无传染性
脑脊液漏,发病部位,大脑
脑脊液漏,描述,脑脊液腔与颅外相通，导致脑脊液漏出
脑脊液漏,病因,外伤
脑脊液漏,主要症状,头痛欲裂，恶心，呕吐
脑脊液漏,治疗方法,药物治疗，手术治疗
脑脊液漏,传染性,无传染性
脑积水,发病部位,大脑
脑积水,描述,脑积水是脑脊液生成或循环吸收过程发生障碍而致脑脊液量过多，压力增高
脑积水,病因,多种病因
脑积水,主要症状,疼痛，恶心，运动障碍
脑积水,治疗方法,药物治疗，康复治疗
脑积水,传染性,无传染性
脑膜瘤,发病部位,大脑
脑膜瘤,描述,起源于脑膜及脑膜间隙的衍生物
脑膜瘤,预防,避免有害物质，提高机体免疫力
脑膜瘤,病因,环境因素，遗传因素，代谢因素
脑膜瘤,主要症状,脑积水，额部肿块，颅内压增高
脑膜瘤,治疗方法,药物治疗，手术治疗
脑膜瘤,传染性,无传染性
中风,发病部位,大脑
中风,描述,急性脑血管疾病的统称
中风,预防,控制高血压
中风,病因,高血压
中风,主要症状,猝然昏倒，口角歪斜，半身不遂
中风,治疗方法,康复治疗，支持性治疗
中风,传染性,无传染性
中风,别称,脑卒中，卒中
胆囊癌,发病部位,胆囊
胆囊癌,描述,胆囊癌是胆囊最常见的恶性上皮性肿瘤
胆囊癌,预防,发现胆囊良性疾病尽早治疗
胆囊癌,病因,胆结石的慢性刺激
胆囊癌,主要症状,疼痛，消化不良，胆囊结石
胆囊癌,治疗方法,手术治疗，药物治疗
胆囊癌,传染性,无传染性
胆结石,发病部位,胆囊
胆结石,描述,胆囊结石是指发生在胆囊内的结石所引起的疾病
胆结石,预防,饮食调控，生活规律
胆结石,病因,运动少，饮食不健康
胆结石,主要症状,胆绞痛，上腹痛
胆结石,治疗方法,药物治疗，手术治疗
胆结石,传染性,无传染性
胰腺癌,发病部位,胰脏
胰腺癌,描述,胰腺癌是常见的胰腺肿瘤，是一种恶性程度很高，诊断和治疗都很困难的消化道恶性肿瘤
胰腺癌,预防,戒酒，戒烟
胰腺癌,病因,尚不清楚
胰腺癌,主要症状,腹痛，黄疸，消瘦乏力，腹部包块
胰腺癌,治疗方法,手术治疗，药物治疗
胰腺癌,传染性,无传染性
胰腺癌,多发群体,糖尿病患者，慢性胰腺炎患者
胰腺囊肿,发病部位,胰脏
胰腺囊肿,描述,胰腺囊肿包括真性囊肿、假性囊肿和囊性肿瘤，由先天或后天因素引起
胰腺囊肿,预防,对急性胰腺炎或胰腺损伤要早期做出诊断
胰腺囊肿,病因,急性胰腺炎，胰腺外伤
胰腺囊肿,主要症状,腹痛，腹部包块
胰腺囊肿,治疗方法,药物治疗，手术治疗
胰腺囊肿,传染性,无传染性
胰腺脓肿,发病部位,胰脏
胰腺脓肿,描述,胰腺脓肿由急性胰腺炎的坏死组织或并发假性囊肿继发感染所致
胰腺脓肿,预防,积极治疗胆道疾病，戒烟及避免暴饮暴食
胰腺脓肿,病因,胰腺脓肿是坏死性胰腺炎或胰腺周围脂肪发生局灶性坏死，液化，继发感染而形成
胰腺脓肿,主要症状,持续性心动过速，呼吸加快，肠麻痹，腹痛加剧，伴腰背部疼痛
胰腺脓肿,治疗方法,药物治疗
胰腺脓肿,传染性,无传染性
前列腺癌,发病部位,前列腺
前列腺癌,描述,前列腺癌是指发生在前列腺的上皮性恶性肿瘤
前列腺癌,预防,健康饮食，加强锻炼，保持好心情
前列腺癌,病因,遗传因素，性活动，饮食习惯
前列腺癌,主要症状,血尿，可有尿频尿急
前列腺癌,治疗方法,药物治疗，手术治疗
前列腺癌,传染性,无传染性
前列腺癌,多发群体,有家族病史者，中老年男性
肾皮质脓肿,发病部位,肾
肾皮质脓肿,描述,肾皮质受感染而引起的一种血源性疾病
肾皮质脓肿,预防,积极处理金黄色葡萄球菌的感染
肾皮质脓肿,病因,大都是由金黄色葡萄球菌从远处感染灶经血液播散引起
肾皮质脓肿,主要症状,寒战，疲劳，体重减轻，低位腰痛
肾皮质脓肿,治疗方法,手术治疗，药物治疗
肾皮质脓肿,传染性,无传染性
肾周脓肿,发病部位,肾
肾周脓肿,描述,肾周脓肿主要由肾内脓肿破入肾周而成
肾周脓肿,预防,早发现、早诊断、早治疗
肾周脓肿,病因,主要由肾内脓肿破入肾周而成，细菌引起
肾周脓肿,主要症状,发热，寒战，腰痛
肾周脓肿,治疗方法,药物治疗，手术治疗
肾周脓肿,传染性,无传染性
肾盂癌,发病部位,肾
肾盂癌,描述,肾盂癌系发生在肾盂或肾盏上皮的一种肿瘤
肾盂癌,预防,健康饮食，加强锻炼，忌烟忌酒
肾盂癌,病因,长期接触化学物质，感染
肾盂癌,主要症状,淋巴结肿大，腰部包块，下腹胀痛，血尿
肾盂癌,治疗方法,药物治疗，手术治疗
肾盂癌,传染性,无传染性
肾癌,发病部位,肾
肾癌,描述,肾癌是起源于肾实质泌尿小管上皮系统的恶性肿瘤
肾癌,预防,健康饮食，加强锻炼，远离致癌物质
肾癌,主要症状,腰痛，血尿
肾癌,治疗方法,药物治疗，手术治疗
肾癌,传染性,无传染性
肾癌,别称,肾腺癌，肾细胞癌
结肠脂肪瘤,发病部位,大肠
结肠脂肪瘤,描述,脂肪瘤是常见的大肠内非上皮性良性肿瘤，结肠近端多见，尤以盲肠为甚
结肠脂肪瘤,预防,清淡饮食，加强锻炼
结肠脂肪瘤,病因,过量的脂肪堆积可能是一个重要因素
结肠脂肪瘤,主要症状,排便频率异常，下腹部包块，便血，腹痛
结肠脂肪瘤,治疗方法,药物治疗，手术治疗
结肠脂肪瘤,传染性,无传染性
直肠癌,发病部位,大肠
直肠癌,描述,直肠癌是指从齿状线至直肠乙状结肠交界处之间的癌
直肠癌,预防,健康饮食，加强锻炼，忌烟忌酒
直肠癌,病因,环境因素，饮食
直肠癌,主要症状,腹胀，便血，腹痛
直肠癌,治疗方法,手术治疗，药物治疗
直肠癌,传染性,无传染性
直肠癌,多发群体,45岁左右
髌骨骨折,发病部位,关节
髌骨骨折,描述,髌骨骨折是较常见的损伤，以髌骨局部肿胀、疼痛、膝关节不能自主伸直，常有皮下淤斑以及膝部皮肤擦伤为主要表现的骨折
髌骨骨折,预防,注意日常生活安全
髌骨骨折,病因,直接暴力，间接暴力
髌骨骨折,主要症状,髌下疼痛，膝关节疼痛，膝关节肿胀积血
髌骨骨折,治疗方法,支持性治疗，康复治疗，手术治疗
髌骨骨折,传染性,无传染性
髌骨软化症,发病部位,关节
髌骨软化症,描述,表现为软骨的退行性改变，包括软骨肿胀、碎裂、脱落
髌骨软化症,预防,减少髌骨所受外界压力
髌骨软化症,病因,髌骨发育障碍、位置异常，或与劳动、运动姿势和强度等有关
髌骨软化症,主要症状,膝关节疼痛
髌骨软化症,治疗方法,支持性治疗，药物治疗，康复治疗
髌骨软化症,传染性,无传染性
髌骨软化症,多发群体,运动员和体育爱好者
鼻骨骨折,发病部位,鼻
鼻骨骨折,描述,鼻是面部最突出的部位，容易受外力所伤，鼻骨骨折是耳鼻喉科常见的外伤
鼻骨骨折,预防,注意日常生活安全
鼻骨骨折,病因,直接暴力
鼻骨骨折,主要症状,外鼻畸形，肿胀，鼻出血，鼻塞
鼻骨骨折,治疗方法,支持性治疗，康复治疗，药物治疗
鼻骨骨折,传染性,无传染性
鼻骨骨折,多发群体,运动者
骨折,发病部位,骨架
骨折,描述,骨折是指骨结构的连续性完全或部分断裂
骨折,预防,注意日常生活安全
骨折,病因,直接、间接暴力，积累性劳损
骨折,主要症状,休克，内出血，剧烈疼痛
骨折,治疗方法,支持性治疗，康复治疗
骨折,传染性,无传染性
关节脱位,发病部位,关节
关节脱位,描述,构成关节的上下两个骨端失去了正常的位置，发生了错位
关节脱位,预防,注意日常生活防护
关节脱位,主要症状,关节脱位，疼痛，活动困难
关节脱位,治疗方法,支持性治疗，康复治疗
关节脱位,传染性,无传染性
关节脱位,别称,脱臼
跟骨骨折,发病部位,骨架
跟骨骨折,描述,跟骨骨折以足跟部剧烈疼痛，肿胀和淤斑明显，足跟不能着地行走，跟骨压痛为主要表现
跟骨骨折,预防,注意日常生活安全
跟骨骨折,病因,多由高处跌下足跟遭受垂直撞击所致
跟骨骨折,主要症状,足跟疼痛，不能站立、行走
跟骨骨折,治疗方法,手术治疗，支持性治疗，康复治疗
跟骨骨折,传染性,无传染性
肱骨干骨折,发病部位,骨架
肱骨干骨折,描述,肱骨干骨折系指肱骨外科颈以下1～2cm至肱骨髁上2cm之间的骨折
肱骨干骨折,预防,注意日常生活安全
肱骨干骨折,病因,直接、间接、旋转暴力
肱骨干骨折,主要症状,疼痛，局部肿胀，畸形
肱骨干骨折,治疗方法,支持性治疗，康复治疗，手术治疗
肱骨干骨折,传染性,无传染性
骨盆骨折,发病部位,骨架
骨盆骨折,描述,骨盆骨折是一种严重外伤，多由直接暴力骨盆挤压所致
骨盆骨折,预防,注意日常生活安全
骨盆骨折,病因,直接暴力
骨盆骨折,主要症状,局部疼痛、肿胀，会阴部、腹股沟部或腰部可出现皮下瘀斑，下肢活动和翻身困难
骨盆骨折,治疗方法,支持性治疗，康复治疗，手术治疗
骨盆骨折,传染性,无传染性
颌骨骨折,发病部位,骨架
颌骨骨折,描述,外力过大导致颌骨的连续性中断
颌骨骨折,预防,注意日常生活安全
颌骨骨折,病因,外伤
颌骨骨折,主要症状,局部疼痛、肿胀，骨断端异常活动，骨折段移位，咬合错乱
颌骨骨折,治疗方法,支持性治疗，康复治疗，手术治疗
颌骨骨折,传染性,无传染性
脊髓空洞症,发病部位,脊髓
脊髓空洞症,描述,由于多种原因的影响使脊髓内形成管状空腔
脊髓空洞症,预防,合理膳食，保持乐观情绪
脊髓空洞症,病因,先天发育异常或脊髓病变所致
脊髓空洞症,主要症状,节段性感觉障碍，肢体运动障碍
脊髓空洞症,治疗方法,药物治疗，支持性治疗，手术治疗，康复治疗
脊髓空洞症,传染性,无传染性
脊髓肿瘤,发病部位,脊髓
脊髓肿瘤,描述,是指生长于脊髓及与脊髓相近的组织的原发、继发肿瘤
脊髓肿瘤,预防,注意休息，劳逸结合，防止感染
脊髓肿瘤,病因,遗传因素，外伤，环境因素
脊髓肿瘤,主要症状,疼痛与感觉异常，继以感觉丧失，肌肉无力与萎缩
脊髓肿瘤,治疗方法,手术治疗，药物治疗，支持性治疗
脊髓肿瘤,传染性,无传染性
脊髓肿瘤,别称,椎管内肿瘤
脊髓灰质炎,发病部位,脊髓
脊髓灰质炎,描述,脊髓灰质炎是由脊髓灰质炎病毒引起的严重危害儿童健康的急性传染病
脊髓灰质炎,预防,疫苗接种
脊髓灰质炎,病因,由脊髓灰质炎病毒引起
脊髓灰质炎,主要症状,发热，全身不适，严重时肢体疼痛及弛缓性瘫痪
脊髓灰质炎,治疗方法,药物治疗，支持性治疗
脊髓灰质炎,传染性,通过粪便传播
脊髓灰质炎,别称,小儿麻痹症
脊髓灰质炎,多发群体,1～6岁儿童
颞骨骨折,发病部位,骨架
颞骨骨折,描述,颞骨骨折是颅底骨折的一部分
颞骨骨折,预防,注意日常生活安全
颞骨骨折,病因,外伤
颞骨骨折,主要症状,耳漏，耳聋，恶心，脑膜炎
颞骨骨折,治疗方法,支持性治疗，康复治疗，手术治疗
颞骨骨折,传染性,无传染性
颞下颌关节脱位,发病部位,关节
颞下颌关节脱位,描述,下颌骨脱出关节凹而不能自行回复照位
颞下颌关节脱位,预防,避免外伤
颞下颌关节脱位,病因,打呵欠、唱歌、大笑、大张口进食、长时间大张口等活动，外力损伤
颞下颌关节脱位,主要症状,下颌前突，不能闭口，吞咽困难
颞下颌关节脱位,治疗方法,康复治疗，支持性治疗，手术治疗
颞下颌关节脱位,传染性,无传染性
颞下颌关节强直,发病部位,关节
颞下颌关节强直,描述,颞下颌关节强直是指因器质性病变导致长期开口困难或完全不能开口
颞下颌关节强直,病因,外伤，瘢痕，炎症，放射治疗
颞下颌关节强直,主要症状,开口困难，发育畸形
颞下颌关节强直,治疗方法,手术治疗，康复治疗，支持性治疗
颞下颌关节强直,传染性,无传染性
颧骨骨折,发病部位,骨架
颧骨骨折,描述,颧骨和颧弓是面部比较突出的部分，易受撞击而发生骨折
颧骨骨折,预防,避免外伤
颧骨骨折,病因,外部暴力
颧骨骨折,主要症状,眼球移位，颧面部塌陷
颧骨骨折,治疗方法,手术治疗，康复治疗
颧骨骨折,传染性,无传染性
锁骨骨折,发病部位,骨架
锁骨骨折,描述,锁骨位于皮下，表浅，受外力作用时易发生骨折
锁骨骨折,预防,避免外伤
锁骨骨折,病因,间接、直接暴力
锁骨骨折,主要症状,肿胀，皮下淤血，压痛，畸形
锁骨骨折,治疗方法,手术治疗，支持性治疗，康复治疗
锁骨骨折,传染性,无传染性
眼眶骨折,发病部位,眼
眼眶骨折,描述,眼眶骨折是常见的颅颌面损伤类型之一，可单独发生，也可与颅面其他骨折联合发生
眼眶骨折,预防,防止面部外伤
眼眶骨折,病因,拳击伤，摔伤，交通事故伤
眼眶骨折,主要症状,出血，水肿，结膜下出血
眼眶骨折,治疗方法,支持性治疗，康复治疗，药物治疗
眼眶骨折,传染性,无传染性
跖骨、趾骨骨折,发病部位,骨架
跖骨、趾骨骨折,描述,跖骨，趾骨骨折是常见骨折，多因重物打击足背、辗压引起
跖骨、趾骨骨折,预防,避免外伤及长途跋涉。
跖骨、趾骨骨折,病因,直接暴力，积累性劳损
跖骨、趾骨骨折,主要症状,足部肿胀压痛
跖骨、趾骨骨折,治疗方法,支持性治疗，康复治疗
跖骨、趾骨骨折,传染性,无传染性
鼻血管瘤,发病部位,鼻
鼻血管瘤,描述,鼻血管瘤为脉管组织良性肿瘤之一，鼻及鼻窦为好发部位
鼻血管瘤,预防,健康饮食，加强锻炼，远离致癌物质
鼻血管瘤,病因,炎症，外伤
鼻血管瘤,主要症状,反复鼻出血，贫血，休克，鼻塞，鼻腔臭味
鼻血管瘤,治疗方法,药物治疗，手术治疗
鼻血管瘤,传染性,无传染性
乳房纤维腺瘤,发病部位,心脏
乳房纤维腺瘤,描述,乳腺纤维腺瘤是由腺上皮和纤维组织两种成分混合组成的良性肿瘤
乳房纤维腺瘤,预防,定期检查，保持良好作息、心情
乳房纤维腺瘤,病因,雌激素的过度分泌
乳房纤维腺瘤,主要症状,乳房无痛性肿块
乳房纤维腺瘤,治疗方法,药物治疗，手术治疗
乳房纤维腺瘤,传染性,无传染性
乳房纤维腺瘤,多发群体,青年女性
鼻咽癌,发病部位,咽
鼻咽癌,描述,鼻咽癌是指发生于鼻咽腔顶部和侧壁的恶性肿瘤
鼻咽癌,预防,健康饮食，忌烟忌酒
鼻咽癌,病因,遗传因素，环境因素
鼻咽癌,主要症状,鼻塞，涕中带血，耳闷堵感，听力下降
鼻咽癌,治疗方法,药物治疗，放射治疗
鼻咽癌,传染性,无传染性
鼻咽肉瘤,发病部位,咽
鼻咽肉瘤,描述,鼻咽肉瘤远比鼻咽癌少见
鼻咽肉瘤,预防,减少致癌物质的接触，作息规律
鼻咽肉瘤,病因,环境因素，慢性感染，遗传因素
鼻咽肉瘤,主要症状,鼻塞，咽鼓管堵塞，出血
鼻咽肉瘤,治疗方法,手术治疗，放射治疗
鼻咽肉瘤,传染性,无传染性
鼻咽血管纤维瘤,发病部位,咽
鼻咽血管纤维瘤,描述,鼻咽纤维血管瘤为鼻咽部常见的良性肿瘤
鼻咽血管纤维瘤,预防,早发现、早诊断、早治疗
鼻咽血管纤维瘤,病因,尚不清楚
鼻咽血管纤维瘤,主要症状,反复鼻出血，进行性鼻阻塞
鼻咽血管纤维瘤,治疗方法,手术治疗，药物治疗
鼻咽血管纤维瘤,传染性,无传染性
宫颈癌,发病部位,子宫
宫颈癌,描述,发生在子宫阴道部及宫颈管的恶性肿瘤
宫颈癌,预防,忌烟忌酒，不吸毒品，注意性卫生
宫颈癌,病因,HPV感染，多性伴，多孕多产，病毒感染，吸烟
宫颈癌,主要症状,接触性出血，尿频
宫颈癌,治疗方法,手术治疗，药物治疗
宫颈癌,传染性,无传染性
睾丸肿瘤,发病部位,睾丸
睾丸肿瘤,描述,睾丸肿瘤是在青年男性中最常见恶性肿瘤，分为原发性和继发性两类
睾丸肿瘤,预防,健康饮食，忌烟忌酒
睾丸肿瘤,病因,隐睾，遗传因素
睾丸肿瘤,主要症状,无痛性睾丸肿大
睾丸肿瘤,治疗方法,药物治疗，手术治疗，放射治疗
睾丸肿瘤,传染性,无传染性
睾丸肿瘤,多发群体,青年男性
喉癌,发病部位,喉
喉癌,描述,喉癌是一种比较常见的恶性肿瘤，分原发性和继发性两种
喉癌,预防,忌烟忌酒，远离化学物质
喉癌,病因,尚不清楚，可能与饮酒、炎症刺激有关
喉癌,主要症状,咽不适，声嘶，呼吸困难，咳嗽，吞咽困难
喉癌,治疗方法,手术治疗，放射治疗，药物治疗
喉癌,传染性,无传染性
甲状腺癌,发病部位,甲状腺
甲状腺癌,描述,甲状腺癌是最常见的甲状腺恶性肿瘤
甲状腺癌,预防,避免射线照射，积极锻炼身体
甲状腺癌,病因,尚不清楚，可能与基因相关
甲状腺癌,主要症状,甲状腺内肿块
甲状腺癌,治疗方法,手术治疗，放射治疗
甲状腺癌,传染性,无传染性
卵巢癌,发病部位,卵巢
卵巢癌,描述,卵巢癌是女性生殖器官常见的肿瘤之一
卵巢癌,预防,定期体检
卵巢癌,病因,内分泌相关，遗传因素
卵巢癌,主要症状,疼痛，月经不调，消瘦，下腹包块
卵巢癌,治疗方法,手术治疗，药物治疗，放射治疗
卵巢癌,传染性,无传染性
淋巴管瘤,发病部位,淋巴管
淋巴管瘤,描述,巴管的良性过度增生
淋巴管瘤,预防,尽可能减少感染，适当锻炼
淋巴管瘤,病因,基因因素，环境因素，内分泌因素
淋巴管瘤,主要症状,淋巴结增生，囊肿
淋巴管瘤,治疗方法,药物治疗，支持性治疗
淋巴管瘤,传染性,无传染性
舌癌,发病部位,舌
舌癌,描述,舌癌是最常见的口腔癌，男性多于女性
舌癌,预防,注意口腔卫生，忌烟忌酒
舌癌,病因,尚不清楚，多数认为与环境因素有关
舌癌,主要症状,舌痛，舌溃疡
舌癌,治疗方法,手术治疗，放射治疗
舌癌,传染性,无传染性
舌癌,多发群体,男性
小肠肿瘤,发病部位,小肠
小肠肿瘤,描述,小肠肠管所发生的肿瘤
小肠肿瘤,预防,早发现、早诊断、早治疗
小肠肿瘤,病因,尚不清楚
小肠肿瘤,主要症状,腹痛，肠道出血，肠梗阻，包块，肠穿孔
小肠肿瘤,治疗方法,手术治疗，药物治疗
小肠肿瘤,传染性,无传染性
阴茎癌,发病部位,阴茎
阴茎癌,描述,阴茎癌为常见的男性生殖系统的恶性肿瘤之一
阴茎癌,预防,HPV疫苗，戒烟，注意个人卫生
阴茎癌,病因,尚不清楚
阴茎癌,主要症状,排尿疼痛，腹股沟淋巴结肿大
阴茎癌,治疗方法,手术治疗，药物治疗，康复治疗
阴茎癌,传染性,无传染性
阴道恶性肿瘤,发病部位,阴道
阴道恶性肿瘤,描述,阴道的恶性肿瘤多为继发性
阴道恶性肿瘤,预防,定期体检
阴道恶性肿瘤,病因,HPV感染，内分泌失衡，慢性刺激
阴道恶性肿瘤,主要症状,阴道分泌物增多，直肠疼痛，里急后重
阴道恶性肿瘤,治疗方法,药物治疗，手术治疗
阴道恶性肿瘤,传染性,无传染性
子宫内膜癌,发病部位,子宫
子宫内膜癌,描述,子宫内膜癌是发生于子宫内膜的一组上皮性恶性肿瘤
子宫内膜癌,预防,注意雌激素的使用，定期检查
子宫内膜癌,病因,尚不清楚
子宫内膜癌,主要症状,出血，阴道排液，疼痛，腹部包块
子宫内膜癌,治疗方法,手术治疗，药物治疗
子宫内膜癌,传染性,无传染性
子宫内膜癌,多发群体,围绝经期、绝经后女性
中耳癌,发病部位,中耳
中耳癌,描述,中耳癌为发生于中耳的少见恶性癌肿，多为原发
中耳癌,预防,及时根治中耳炎
中耳癌,病因,中耳炎未及时治疗
中耳癌,主要症状,出血，耳痛，听力减退，耳聋，张口困难
中耳癌,治疗方法,手术治疗，放射治疗，药物治疗
中耳癌,传染性,无传染性
中耳癌,多发群体,40～60岁，慢性中耳炎患者
早产儿视网膜病变,发病部位,视网膜
早产儿视网膜病变,描述,是由于早产儿视网膜血管尚未发育完全，产生视网膜新生血管及纤维组织增生所致
早产儿视网膜病变,预防,对早儿严格限制用氧
早产儿视网膜病变,病因,尚不清楚，可能与早产、体重有关
早产儿视网膜病变,主要症状,视网膜脱离，失明
早产儿视网膜病变,治疗方法,药物治疗，手术治疗
早产儿视网膜病变,传染性,无传染性
早产儿视网膜病变,多发群体,早产儿
大泡性角膜病变,发病部位,角膜
大泡性角膜病变,描述,角膜上皮或上皮下形成水疱的状态，是由角膜内皮细胞的异常或破坏引起
大泡性角膜病变,预防,早发现、早诊断、早治疗
大泡性角膜病变,病因,晶体大疱性角膜病变，无晶体大疱性角膜病变，接触性大疱性角膜病变
大泡性角膜病变,主要症状,角膜上皮水肿，自觉疼痛，有严重刺激
大泡性角膜病变,治疗方法,药物治疗，手术治疗
大泡性角膜病变,传染性,无传染性
大泡性角膜病变,别称,大水疱性角膜病，囊疱性角膜炎，大水疱性角膜炎，水疱性角膜炎
近视眼,发病部位,眼
近视眼,描述,在调节放松的状态下，平行光线经眼球屈光系统后聚焦在视网膜之前
近视眼,预防,适当用眼，缓解眼疲劳
近视眼,病因,遗传因素，发育，近距离工作
近视眼,主要症状,远视力降低，视力疲劳
近视眼,治疗方法,康复治疗，手术治疗
近视眼,传染性,无传染性
近视眼,别称,近视
近视眼,多发群体,文字工作者或其他近距离工作者
角膜病,发病部位,角膜
角膜病,描述,角膜病变
角膜病,预防,保持眼部充分休息
角膜病,病因,外伤与感染
角膜病,主要症状,角膜混浊，球结膜水肿，睫状充血
角膜病,治疗方法,药物治疗
角膜病,传染性,无传染性
角膜病,别称,角膜病变
基质性角膜炎,发病部位,角膜
基质性角膜炎,描述,基质性角膜炎是位于层内的炎症，属非溃疡性的深层角膜炎
基质性角膜炎,预防,防止细菌，病毒感染
基质性角膜炎,病因,细菌感染，病毒感染
基质性角膜炎,主要症状,角膜基质水肿，角膜混浊，睫状充血
基质性角膜炎,治疗方法,药物治疗
基质性角膜炎,传染性,母婴传播
青光眼,发病部位,眼
青光眼,描述,青光眼是一组以视乳头萎缩及凹陷、视野缺损及视力下降为共同特征的疾病
青光眼,预防,注意用眼卫生，避免过度用眼
青光眼,病因,遗传因素，屈光因素，不良生活习惯
青光眼,主要症状,怕光，流泪，头痛，视力下降
青光眼,治疗方法,药物治疗，支持性治疗，介入治疗，手术治疗
青光眼,传染性,无传染性
视网膜脱离,发病部位,视网膜
视网膜脱离,描述,视网膜脱离是视网膜神经上皮层与色素上皮层之间的分离
视网膜脱离,预防,减少眼部疲劳
视网膜脱离,病因,高度近视眼，视网膜变性，眼外伤
视网膜脱离,主要症状,视力减弱
视网膜脱离,治疗方法,手术治疗
视网膜脱离,传染性,无传染性
视网膜脱离,别称,视网膜剥离，视网膜分离，视网膜脱落
视网膜脱离,多发群体,30岁以上成年人
远视眼,发病部位,眼
远视眼,描述,远视指平行光束经过调节放松的眼球折射后成像于视网膜之后的一种屈光状态，当眼球的屈光力不足或其眼轴长度不足时就产生远视
远视眼,预防,定期进行检查，多补充维生素
远视眼,病因,眼球屈光力不足，眼轴长度不足
远视眼,主要症状,视力障碍
远视眼,治疗方法,康复治疗，支持性治疗
远视眼,传染性,无传染性
咽血管畸形,发病部位,咽
咽血管畸形,描述,先天性咽血管畸形是胚胎发育异常所致
咽血管畸形,预防,无有效预防措施
咽血管畸形,病因,胚胎发育异常所致
咽血管畸形,主要症状,血管畸形，咽部异物感
咽血管畸形,治疗方法,药物治疗，手术治疗，康复治疗
咽血管畸形,传染性,无传染性
心脏病,发病部位,心脏
心脏病,描述,心脏病是心脏疾病的总称
心脏病,预防,忌烟忌酒，养成良好的生活习惯，生活要规律
心脏病,病因,动脉硬化，高血压，病毒感染，呼吸道疾病
心脏病,主要症状,心悸，心绞痛，呼吸困难，咳嗽咯血，胸痛，胸部不适
心脏病,治疗方法,手术治疗，介入治疗，药物治疗
心脏病,传染性,无传染性
冠状病毒感染,发病部位,肺
冠状病毒感染,描述,冠状病毒感染是由冠状病毒引起的呼吸道传染病
冠状病毒感染,预防,戴口罩，减少人员接触
冠状病毒感染,病因,冠状病毒
冠状病毒感染,主要症状,发热，发冷，头痛，流涕，咽痛，咳嗽
冠状病毒感染,治疗方法,药物治疗
冠状病毒感染,传染性,病原菌传播
脊髓炎,发病部位,脊髓
脊髓炎,描述,脊髓炎是指各种感染后引起自身免疫反应所致的急性横贯性脊髓炎性病变
脊髓炎,预防,注意保暖，增强体质，预防上呼吸道感染
脊髓炎,病因,病毒感染，细菌感染，寄生虫感染
脊髓炎,主要症状,感觉神经、运动神经功能障碍
脊髓炎,治疗方法,药物治疗
脊髓炎,传染性,无传染性
甲状腺结节,发病部位,甲状腺
甲状腺结节,描述,甲状腺结节是指在甲状腺内的肿块，可随吞咽动作随甲状腺而上下移动，是临床常见的病症，可由多种病因引起
甲状腺结节,预防,控制情绪，合理性碘摄入，增强体制
甲状腺结节,病因,遗传因素，辐射，缺碘
甲状腺结节,主要症状,甲状腺可肿大
甲状腺结节,治疗方法,药物治疗，康复治疗，手术治疗
甲状腺结节,传染性,无传染性
肠癌,发病部位,大肠
肠癌,描述,大肠癌是常见的恶性肿瘤，包括结肠癌和直肠癌
肠癌,预防,注意饮食，增强运动
肠癌,病因,大肠慢性炎症，大肠腺瘤，遗传因素
肠癌,主要症状,消化不良，大便潜血
肠癌,治疗方法,手术治疗，药物治疗，放射治疗
肠癌,传染性,无传染性
胃炎,发病部位,胃
胃炎,描述,胃炎是胃粘膜炎症的统称，可分为急性和慢性两类
胃炎,预防,健康饮食，忌烟忌酒，保持良好生活习惯
胃炎,病因,化学因素，物理因素，微生物感染，细菌毒素
胃炎,主要症状,上腹痛，腹胀，嗳气，反复出血
胃炎,治疗方法,药物治疗
胃炎,传染性,无传染性
胆囊结石,发病部位,胆囊
胆囊结石,描述,胆石症是胆道系统中最常见的病变
胆囊结石,预防,健康饮食，加强锻炼
胆囊结石,病因,肥胖，妊娠，高脂肪饮食
胆囊结石,主要症状,上腹疼痛，恶心，呕吐
胆囊结石,治疗方法,手术治疗，药物治疗
胆囊结石,传染性,无传染性
咽炎,发病部位,咽
咽炎,描述,咽炎为咽部的非特异性炎症，是各种微生物感染咽部而产生炎症的统称
咽炎,预防,多喝水，避免用嗓过度，戒烟酒
咽炎,主要症状,咽部干燥充血，灼热，肿痛，吞咽疼痛，黏痰
咽炎,治疗方法,药物治疗，物理治疗
咽炎,传染性,无传染性
子宫恶性肿瘤,发病部位,子宫
子宫恶性肿瘤,描述,子宫恶性肿瘤是指发生在子宫阴道部及宫颈管的恶性肿瘤
子宫恶性肿瘤,预防,保持安全性关系，注意局部清洁
子宫恶性肿瘤,病因,遗传因素，细菌因素
子宫恶性肿瘤,主要症状,阴道分泌物增多，阴道出血，子宫出血
子宫恶性肿瘤,治疗方法,药物治疗，手术治疗
子宫恶性肿瘤,传染性,无传染性
口腔血管瘤,发病部位,口腔
口腔血管瘤,描述,口腔血管瘤是口腔颌面部常见的良性肿瘤
口腔血管瘤,预防,清淡饮食，禁忌辛辣刺激性食物
口腔血管瘤,病因,先天性疾病
口腔血管瘤,主要症状,表现为鲜红或紫红色斑块
口腔血管瘤,治疗方法,药物治疗，手术治疗，介入治疗
口腔血管瘤,传染性,无传染性
胆管肿瘤,发病部位,胆囊
胆管肿瘤,描述,胆管系统肿瘤包括胆囊和胆管肿瘤，有良、恶性之分
胆管肿瘤,预防,健康饮食，定期检查
胆管肿瘤,病因,胆道结石，胆道慢性炎症
胆管肿瘤,主要症状,腹部不适，体重减轻，食欲减退，腹痛
胆管肿瘤,治疗方法,手术治疗
胆管肿瘤,传染性,无传染性
胃肠道癌,发病部位,胃
胃肠道癌,发病部位,大肠
胃肠道癌,描述,肠道癌是最常见和最主要的恶性肿瘤，包括胃癌、结肠和直肠癌等
胃肠道癌,预防,健康饮食，加强锻炼
胃肠道癌,病因,环境因素，饮食，幽门螺杆菌感染，遗传因素
胃肠道癌,主要症状,腹痛，体重减轻，大便习惯改变，便血，腹部包块
胃肠道癌,治疗方法,手术治疗，化疗，靶向治疗，支持治疗，放疗
胃肠道癌,传染性,无传染性
乳腺脂肪瘤,发病部位,乳腺
乳腺脂肪瘤,描述,乳腺脂肪瘤是来源于乳腺脂肪组织的一种良性肿瘤
乳腺脂肪瘤,预防,健康饮食，加强锻炼，忌烟忌酒
乳腺脂肪瘤,病因,肝气不舒
乳腺脂肪瘤,主要症状,乳房疼痛，乳房肿块，乳房胀痛
乳腺脂肪瘤,治疗方法,手术治疗，药物治疗，支持性治疗
乳腺脂肪瘤,传染性,无传染性
乳腺脂肪瘤,质地,柔软
肾动脉瘤,发病部位,肾
肾动脉瘤,描述,肾动脉瘤是最早发现的源于肾动脉的疾病
肾动脉瘤,预防,早发现、早诊断、早治疗
肾动脉瘤,病因,动脉壁结构损伤，腰部的钝击伤
肾动脉瘤,主要症状,剧烈疼痛，腹部肿块，血管杂音，血尿
肾动脉瘤,治疗方法,手术治疗，康复治疗
肾动脉瘤,传染性,无传染性
乳腺导管瘤,发病部位,乳腺
乳腺导管瘤,描述,乳腺导管瘤是指发生于乳腺导管上皮的良性乳头状瘤
乳腺导管瘤,预防,定期检查，保持良好作息、心情
乳腺导管瘤,病因,退行性病变，感染，饮食，心情
乳腺导管瘤,主要症状,乳头溢液，乳房肿块
乳腺导管瘤,治疗方法,手术治疗，药物治疗，支持性治疗
乳腺导管瘤,传染性,无传染性
睾丸癌,发病部位,睾丸
睾丸癌,描述,睾丸癌是指睾丸的细胞癌变形成的恶性肿瘤
睾丸癌,预防,健康饮食，加强锻炼，忌烟忌酒
睾丸癌,病因,隐睾，遗传因素
睾丸癌,主要症状,睾丸渐进无痛性增大，睾丸肿胀变硬
睾丸癌,治疗方法,手术治疗，药物治疗，康复治疗
睾丸癌,传染性,无传染性
肝癌,发病部位,肝脏
肝癌,描述,肝癌是指发生于肝脏的恶性肿瘤，包括原发性肝癌和转移性肝癌两种
肝癌,预防,忌烟忌酒，养成良好的生活习惯，生活要规律
肝癌,病因,遗传因素，环境因素，病毒感染，饮食不健康
肝癌,主要症状,肝区疼痛，腹胀，纳差，乏力，消瘦
肝癌,治疗方法,手术治疗，化疗，放射治疗
肝癌,传染性,无传染性
肝癌,别称,肝脏恶性肿瘤
甲状腺微小癌,发病部位,甲状腺
甲状腺微小癌,描述,甲状腺微小癌是指肿瘤直径在10mm以下的甲状腺癌
甲状腺微小癌,预防,早发现、早诊断、早治疗
甲状腺微小癌,病因,碘缺乏，放射线，促甲状腺激素慢性刺激
甲状腺微小癌,主要症状,甲状腺肿，颈部淋巴结肿大，淋巴结退化
甲状腺微小癌,治疗方法,手术治疗，支持性治疗
甲状腺微小癌,传染性,无传染性
胃穿孔,发病部位,胃
胃穿孔,描述,胃穿孔是溃疡病患者最严重的并发症之一
胃穿孔,预防,胃镜检查，规律饮食
胃穿孔,病因,消化性溃疡
胃穿孔,主要症状,腹痛，休克，恶心，呕吐
胃穿孔,治疗方法,手术治疗，药物治疗，支持治疗
胃穿孔,传染性,无传染性
脾大,发病部位,脾脏
脾大,描述,脾脏体积增大是脾脏疾病的主要表现
脾大,预防,养成良好生活习惯，体检
脾大,病因,病毒感染，细菌感染，寄生虫感染，肝炎
脾大,主要症状,脾体积增大
脾大,治疗方法,药物治疗，康复治疗
脾大,传染性,无传染性
胸腺囊肿,发病部位,胸腺
胸腺囊肿,描述,胸腺囊肿是胸内纵隔囊肿的一个类型
胸腺囊肿,预防,早发现、早诊断、早治疗
胸腺囊肿,病因,先天性
胸腺囊肿,主要症状,胸痛，气短
胸腺囊肿,治疗方法,手术治疗，药物治疗
胸腺囊肿,传染性,无传染性
肾脓肿,发病部位,肾
肾脓肿,描述,肾脓肿是指肾脏实质因炎症化脓而被破坏
肾脓肿,预防,早发现、早诊断、早治疗
肾脓肿,病因,急性肾盂肾炎继续发展
肾脓肿,主要症状,发烧，血尿，腰痛伴肾区叩击痛
肾脓肿,治疗方法,药物治疗，支持性治疗
肾脓肿,传染性,无传染性
乳腺囊肿,发病部位,乳腺
乳腺囊肿,描述,乳腺囊肿分为单纯囊肿及积乳囊肿
乳腺囊肿,预防,保持生活规律，注意饮食
乳腺囊肿,病因,细菌侵入，内分泌紊乱
乳腺囊肿,主要症状,乳内肿物
乳腺囊肿,治疗方法,药物治疗，手术治疗
乳腺囊肿,传染性,无传染性
乳腺囊肿,别称,乳汁淤积症
胃恶性淋巴瘤,发病部位,淋巴
胃恶性淋巴瘤,描述,胃恶性淋巴瘤分为原发性和继发性
胃恶性淋巴瘤,病因,尚不清楚
胃恶性淋巴瘤,主要症状,胃痛，消瘦，消化不良
胃恶性淋巴瘤,治疗方法,手术治疗，药物治疗
胃恶性淋巴瘤,传染性,无传染性
肺纤维化,发病部位,肺
肺纤维化,描述,正常的肺泡组织被损坏后经过异常修复导致结构异常
肺纤维化,预防,戒烟，增强体育锻炼，体检
肺纤维化,病因,长期吸烟，环境因素，慢性支气管炎等肺部疾病
肺纤维化,主要症状,胸闷，呼吸困难
肺纤维化,治疗方法,药物治疗，手术治疗
肺纤维化,传染性,无传染性
脑水肿,发病部位,大脑
脑水肿,描述,脑水肿是指脑内水分增加导致脑容积增大的病理现象，是脑组织对各种致病因素的反应
脑水肿,预防,及时治疗脑部疾病，保持身体健康
脑水肿,病因,颅脑损伤，颅内占位性病变，颅内炎症，脑血管病变，脑缺氧
脑水肿,主要症状,脑软化，局部水肿，神志不清，颅内压增高
脑水肿,治疗方法,药物治疗，康复治疗
脑水肿,传染性,无传染性
肾肿瘤,发病部位,肾
肾肿瘤,描述,肾肿瘤是泌尿系统较常见的肿瘤之一
肾肿瘤,预防,健康饮食，保持良好生活习惯
肾肿瘤,病因,尚不清楚
肾肿瘤,主要症状,发热，贫血，高血压
肾肿瘤,治疗方法,药物治疗，康复治疗，手术治疗
肾肿瘤,传染性,无传染性
睾丸囊肿,发病部位,睾丸
睾丸囊肿,描述,常发生于睾丸头或附睾，囊肿内含有大量精子
睾丸囊肿,预防,注意休息，饮食合理，心情愉悦
睾丸囊肿,病因,炎症，受伤
睾丸囊肿,主要症状,阴囊坠胀痛，阴囊肿胀，睾丸下垂，睾丸触痛
睾丸囊肿,治疗方法,药物治疗，手术治疗，康复治疗
睾丸囊肿,传染性,无传染性
骨癌,发病部位,骨架
骨癌,描述,骨癌即骨的恶性肿瘤
骨癌,预防,健康饮食，保持良好生活习惯，避免放射性辐射
骨癌,病因,过度生长，慢性炎症，基因因素，继发性获得
骨癌,主要症状,肿块，疼痛
骨癌,治疗方法,手术治疗，放射治疗，药物治疗
骨癌,传染性,无传染性
骨癌,多发群体,所有人群
骨癌,别称,恶性骨肿瘤
小肠血管瘤,发病部位,小肠
小肠血管瘤,描述,小肠血管瘤属错构瘤，多源于黏膜下血管丛，亦可来自浆膜下血管
小肠血管瘤,预防,禁烟禁酒，清淡饮食，加强锻炼
小肠血管瘤,病因,尚不清楚
小肠血管瘤,主要症状,消化道出血，腹痛，肠梗阻，消瘦
小肠血管瘤,治疗方法,手术治疗
小肠血管瘤,传染性,无传染性
小肠脂肪瘤,发病部位,小肠
小肠脂肪瘤,描述,小肠脂肪瘤是源自小肠黏膜下或浆膜下脂肪组织的良性肿瘤
小肠脂肪瘤,预防,禁烟禁酒，清淡饮食，加强锻炼
小肠脂肪瘤,病因,不良饮食，环境因素
小肠脂肪瘤,主要症状,腹痛，消化道出血，慢性肠梗阻，腹部肿块
小肠脂肪瘤,治疗方法,手术治疗，药物治疗，支持治疗
小肠脂肪瘤,传染性,无传染性
记忆障碍,发病部位,大脑
记忆障碍,描述,记忆障碍指个人处于一种不能记住或回忆信息的状态
记忆障碍,预防,足够睡眠，充分休息，合理使用
记忆障碍,病因,阿尔茨海默病、血管性痴呆、路易体痴呆等疾病，大脑受外力作用，严重应激事件，长期饮酒或严重营养不良
记忆障碍,主要症状,记忆减弱，遗忘，错构，虚构，潜隐记忆
记忆障碍,治疗方法,心理治疗，药物治疗
记忆障碍,传染性,无传染性
记忆障碍,多发群体,老年人
小脑萎缩,发病部位,小脑
小脑萎缩,描述,是一种家族显性遗传神经系统疾病
小脑萎缩,预防,早发现、早诊断、早治疗
小脑萎缩,病因,遗传因素，缺血缺氧，药物中毒，酒精中毒
小脑萎缩,主要症状,步态不稳，共济失调，言语不清
小脑萎缩,治疗方法,手术治疗，康复治疗
小脑萎缩,传染性,无传染性
乳房肿块,发病部位,乳腺
乳房肿块,描述,乳房肿块是乳房疾病的常见体征
乳房肿块,预防,保持好心情，保持规律睡眠，合理饮食
乳房肿块,病因,内分泌失调，情绪，人工流产，饮食结构不合理
乳房肿块,主要症状,乳房胀痛，大小不等、界限不清的结节
乳房肿块,治疗方法,药物治疗，支持性治疗
乳房肿块,传染性,无传染性
大肠脂肪瘤,发病部位,大肠
大肠脂肪瘤,描述,是一种大肠良性肿瘤
大肠脂肪瘤,预防,体检
大肠脂肪瘤,病因,尚不清楚，可能与炎症和刺激有关
大肠脂肪瘤,主要症状,便血，腹痛，肠套叠，大便习惯改变，消瘦
大肠脂肪瘤,治疗方法,手术治疗，药物治疗，支持性治疗
大肠脂肪瘤,传染性,无传染性
胆道肿瘤,发病部位,胆囊
胆道肿瘤,描述,胆道肿瘤主要是指原发于胆道系统的肿瘤，包括胆囊肿瘤和胆管肿瘤
胆道肿瘤,预防,定期进行检查
胆道肿瘤,病因,尚不清楚，可能与结石有关
胆道肿瘤,主要症状,消化不良，厌油腻，嗳气，腹胀
胆道肿瘤,治疗方法,手术治疗，支持性治疗
胆道肿瘤,传染性,无传染性
粉碎性骨折,发病部位,骨架
粉碎性骨折,描述,粉碎性骨折属于完全性骨折，指骨质碎裂成三块以上，又称为T或Y型骨折
粉碎性骨折,预防,注意避免损伤
粉碎性骨折,病因,直接暴力和间接暴力所致
粉碎性骨折,主要症状,疼痛，骨折周围血肿、淤斑或出血
粉碎性骨折,治疗方法,手术治疗，支持性治疗，康复治疗
粉碎性骨折,传染性,无传染性
胆道癌,发病部位,胆囊
胆道癌,描述,指原发于左右肝管汇合部至胆总管下端的肝外胆道恶性肿瘤
胆道癌,预防,早发现、早诊断、早治疗
胆道癌,病因,结石，情绪，饮食
胆道癌,主要症状,腹部肿块，淋巴结肿大，体重减轻，腹泻
胆道癌,治疗方法,手术治疗，支持性治疗
胆道癌,传染性,无传染性
鼻肿瘤,发病部位,鼻
鼻肿瘤,描述,鼻肿瘤是鼻腔和鼻窦的肿瘤
鼻肿瘤,预防,饮食宜清淡，忌烟忌酒，远离刺激性气味
鼻肿瘤,病因,尚不清楚
鼻肿瘤,主要症状,鼻塞，鼻出血
鼻肿瘤,治疗方法,药物治疗，康复治疗
鼻肿瘤,传染性,无传染性
肝破裂,发病部位,肝脏
肝破裂,描述,肝破裂是腹部创伤中的常见病
肝破裂,预防,注意生活安全
肝破裂,病因,肝脏本身病变后受外力作用或外伤
肝破裂,主要症状,腹部压痛，血压下降，腹肌紧张
肝破裂,治疗方法,药物治疗，手术治疗，支持性治疗
肝破裂,传染性,无传染性
扁桃体癌,发病部位,扁桃腺
扁桃体癌,描述,扁桃体癌起源于扁桃体区的的恶性肿瘤
扁桃体癌,预防,忌烟忌酒
扁桃体癌,病因,大量饮酒，长期吸烟
扁桃体癌,主要症状,扁桃体肥大，咽部异物感，吞咽障碍，颈部淋巴结肿大
扁桃体癌,治疗方法,放射治疗，手术治疗，药物治疗
扁桃体癌,传染性,无传染性
淋巴癌,发病部位,淋巴
淋巴癌,描述,原发于淋巴结或其他淋巴组织的恶性肿瘤
淋巴癌,预防,保持乐观心情，加强体育锻炼，生活规律
淋巴癌,病因,病毒感染，免疫力低
淋巴癌,主要症状,不明原因发热，脾肿大，淋巴结肿大，盗汗
淋巴癌,治疗方法,药物治疗，手术治疗，支持性治疗
淋巴癌,传染性,无传染性
颞叶癫痫,发病部位,大脑
颞叶癫痫,描述,颞叶前内基底部痫灶为主引起的钩回发作称之为颞叶癫痫，是局限性癫痫的代表
颞叶癫痫,病因,围生期的诸多因素，分娩时疾病
颞叶癫痫,主要症状,语言障碍，记忆障碍，识别障碍，情感障碍，错觉，幻觉
颞叶癫痫,治疗方法,手术治疗，药物治疗，康复治疗
颞叶癫痫,传染性,无传染性
骨裂,发病部位,骨架
骨裂,描述,是众多骨折中症状比较轻微的一种，一般没有错位
骨裂,预防,注意避免损伤
骨裂,病因,直接暴力，间接暴力，积累性劳损
骨裂,主要症状,疼痛，红肿
骨裂,治疗方法,康复治疗，手术治疗
骨裂,传染性,无传染性
骨裂,别称,裂纹骨折
喉纤维瘤,发病部位,喉
喉纤维瘤,描述,喉纤维瘤是来源于结缔组织的良性肿瘤，由纤维细胞及纤维束组成
喉纤维瘤,病因,环境因素，吸烟酗酒
喉纤维瘤,主要症状,喉部堵塞感，声音嘶哑，呼吸困难，喉咙痛
喉纤维瘤,治疗方法,手术治疗，药物治疗，支持治疗
喉纤维瘤,传染性,无传染性
肺动静脉瘤,发病部位,肺
肺动静脉瘤,描述,肺动静脉瘤为先天性肺血管畸形
肺动静脉瘤,病因,先天性因素
肺动静脉瘤,主要症状,活动后呼吸急促，发绀
肺动静脉瘤,治疗方法,药物治疗，手术治疗，支持性治疗
肺动静脉瘤,传染性,无传染性
肺动静脉瘤,多发群体,青年
酒精性肝硬化,发病部位,肝脏
酒精性肝硬化,描述,酒精性肝硬化是由于长期大量饮酒所致的肝硬化
酒精性肝硬化,预防,适量饮酒
酒精性肝硬化,病因,长期过度饮酒
酒精性肝硬化,主要症状,轻度乏力，腹胀，消瘦
酒精性肝硬化,治疗方法,戒酒，药物治疗
酒精性肝硬化,传染性,无传染性
癫痫,发病部位,大脑
癫痫,描述,大脑神经元突发性异常放电，导致短暂的大脑功能障碍的一种慢性疾病
癫痫,预防,避免产伤，避免脑外伤
癫痫,病因,脑损伤，病毒感染，放射线照射
癫痫,主要症状,肢体发生抽搐
癫痫,治疗方法,药物治疗，手术治疗，康复治疗
癫痫,传染性,无传染性
癫痫,别称,羊角风，羊癫风
脊柱骨折,发病部位,脊柱
脊柱骨折,描述,脊柱骨折是骨科常见创伤
脊柱骨折,预防,注意安全，尽量避免外伤
脊柱骨折,病因,直接或间接的外力所致
脊柱骨折,主要症状,脊柱有局限性肿胀、压痛，运动障碍
脊柱骨折,治疗方法,手术治疗，康复治疗
脊柱骨折,传染性,无传染性
淋巴瘤,发病部位,淋巴
淋巴瘤,描述,淋巴瘤是原发于淋巴结或淋巴组织的恶性肿瘤，临床以无痛性，进行性淋巴结肿大为主要表现
淋巴瘤,预防,体检
淋巴瘤,病因,病因不清，可能与病毒因素相关
淋巴瘤,主要症状,无痛性淋巴结肿大，伴发热盗汗
淋巴瘤,治疗方法,药物治疗，手术治疗，放射治疗
淋巴瘤,传染性,无传染性
口腔癌,发病部位,口腔
口腔癌,描述,口腔癌是指发生于口腔的恶性肿瘤
口腔癌,预防,注意饮食，忌烟忌酒，保证口腔健康
口腔癌,病因,长期吸烟，长期饮酒，营养不良，炎症
口腔癌,主要症状,口腔麻木、灼热或干燥感，肿块，结节，出血
口腔癌,治疗方法,手术治疗，放射性治疗，药物治疗
口腔癌,传染性,无传染性
肝动脉瘤,发病部位,肝脏
肝动脉瘤,描述,肝动脉瘤是一种少见的血管性病变
肝动脉瘤,预防,早发现、早诊断、早治疗
肝动脉瘤,病因,创伤，胆道感染，结节性多动脉炎，动脉硬化
肝动脉瘤,主要症状,右上腹钝痛
肝动脉瘤,治疗方法,药物治疗，支持性治疗，手术治疗
肝动脉瘤,传染性,无传染性
肝肿瘤,发病部位,肝脏
肝肿瘤,描述,肝肿瘤是指发生在肝脏部位的肿瘤病变
肝肿瘤,预防,早发现、早诊断、早治疗
肝肿瘤,病因,肝硬化，病毒性肝炎，化学致癌物，黄曲霉素
肝肿瘤,主要症状,食欲减退，恶心，肝肿大
肝肿瘤,治疗方法,手术治疗，化疗，放疗，靶向药物治疗
肝肿瘤,传染性,无传染性
宫颈浸润癌,发病部位,子宫
宫颈浸润癌,描述,宫颈浸润癌是发生于子宫颈上皮的恶性肿瘤
宫颈浸润癌,预防,早发现、早诊断、早治疗
宫颈浸润癌,病因,早育、多产，性生活过早过频，性生活紊乱，性生活不洁，病毒感染等
宫颈浸润癌,主要症状,阴道分泌物增多，阴道出血，下腹和腰骶部疼
宫颈浸润癌,治疗方法,药物治疗，手术治疗，放射治疗
宫颈浸润癌,传染性,无传染性
肾上腺肿瘤,发病部位,肾上腺
肾上腺肿瘤,描述,肾上腺肿瘤的分类可按其性质分为良性肿瘤和恶性肿瘤
肾上腺肿瘤,病因,尚不清楚
肾上腺肿瘤,主要症状,四肢无力，低位腰痛，头晕
肾上腺肿瘤,治疗方法,药物治疗，手术治疗
肾上腺肿瘤,传染性,无传染性
膀胱鳞状细胞癌,发病部位,膀胱
膀胱鳞状细胞癌,描述,起源于膀胱黏膜的上皮性恶性肿瘤
膀胱鳞状细胞癌,预防,定期体检，早发现，早治疗
膀胱鳞状细胞癌,病因,慢性尿路感染，膀胱内结石
膀胱鳞状细胞癌,主要症状,膀胱刺激征，血尿，排尿不畅，尿痛
膀胱鳞状细胞癌,治疗方法,手术治疗，药物治疗，支持性治疗
膀胱鳞状细胞癌,传染性,无传染性
踝关节骨折,发病部位,关节
踝关节骨折,描述,踝关节由胫腓骨下端与距骨组成
踝关节骨折,预防,注意日常生活安全
踝关节骨折,病因,由间接暴力引起踝部扭伤后发生
踝关节骨折,主要症状,踝部疼痛、肿胀，青紫，踝关节畸形
踝关节骨折,治疗方法,支持性治疗，康复治疗
踝关节骨折,传染性,无传染性
肾萎缩,发病部位,肾
肾萎缩,描述,肾萎缩是指各种原因导致肾单位丧失或肾脏血供不足，导致肾脏体积缩小，生理功能降低
肾萎缩,预防,限制蛋白质、脂肪的摄取，健康饮食
肾萎缩,病因,先天性，肾实质疾病，继发性肾脏疾病
肾萎缩,主要症状,腰痛，恶心，呕吐，血尿，腿脚浮肿
肾萎缩,治疗方法,药物治疗
肾萎缩,传染性,无传染性
脑癌,发病部位,大脑
脑癌,描述,脑部恶性肿瘤总称
脑癌,预防,健康饮食，保持良好生活习惯
脑癌,病因,遗传因素，放射线，化学物质，病毒
脑癌,主要症状,头痛，呕吐
脑癌,治疗方法,手术治疗，药物治疗，物理治疗，放射治疗
脑癌,传染性,无传染性
精囊恶性肿瘤,发病部位,精囊
精囊恶性肿瘤,描述,指发生于精囊的恶性肿瘤
精囊恶性肿瘤,预防,早发现、早诊断、早治疗
精囊恶性肿瘤,病因,尚不清楚
精囊恶性肿瘤,主要症状,血精，间歇性血尿，尿频
精囊恶性肿瘤,治疗方法,药物治疗，康复治疗
精囊恶性肿瘤,传染性,无传染性
脑瘤,发病部位,大脑
脑瘤,描述,脑瘤是指生长在颅内某一部位的肿瘤
脑瘤,预防,注意饮食卫生，加强身体素质，避免脑部外伤
脑瘤,病因,脑胚胎组织发育异常，遗传因素，化学因素
脑瘤,主要症状,视力障碍，呕吐，耳鸣，颅内压增高
脑瘤,治疗方法,药物治疗，支持治疗，手术治疗
脑瘤,传染性,无传染性
鼻腔癌,发病部位,鼻腔
鼻腔癌,描述,鼻腔癌指原发于鼻腔内的恶性肿瘤
鼻腔癌,预防,早期诊断，早期治疗
鼻腔癌,病因,遗传因素，病毒感染，环境因素
鼻腔癌,主要症状,鼻出血，鼻塞，鼻腔肿物
鼻腔癌,治疗方法,药物治疗，支持性治疗，手术治疗，放射治疗
鼻腔癌,传染性,无传染性
鼻腔囊肿,发病部位,鼻腔
鼻腔囊肿,描述,鼻腔囊肿是一种常见的鼻病，是发生在鼻部各个部位的各种囊肿的总称
鼻腔囊肿,预防,早发现、早诊断、早治疗
鼻腔囊肿,病因,先天性发育异常，鼻窦内的分泌物积压
鼻腔囊肿,主要症状,鼻子红肿，眼痛，眼球移位
鼻腔囊肿,治疗方法,手术治疗
鼻腔囊肿,传染性,无传染性
甲状腺肿瘤,发病部位,甲状腺
甲状腺肿瘤,描述,甲状腺肿瘤是头颈部常见的肿瘤
甲状腺肿瘤,预防,健康饮食，忌烟忌酒，保持良好生活习惯
甲状腺肿瘤,病因,遗传因素，环境因素，缺碘
甲状腺肿瘤,主要症状,颈部肿块，声音嘶哑，吞咽困难，颈部淋巴结肿大
甲状腺肿瘤,治疗方法,药物治疗，支持性治疗，手术治疗
甲状腺肿瘤,传染性,无传染性
肺结节,发病部位,肺
肺结节,描述,指影像学上肺内直径≤3cm的局灶性、类圆形的、密度增高的实质性或亚实质性的肺部阴影
肺结节,预防,忌烟，增强体质
肺结节,病因,肺部感染，慢性刺激
肺结节,主要症状,胸闷，乏力
肺结节,治疗方法,药物治疗，手术治疗
肺结节,传染性,无传染性
子宫囊肿,发病部位,子宫
子宫囊肿,描述,子宫囊肿是一种较常见的妇科病
子宫囊肿,预防,早发现、早诊断、早治疗
子宫囊肿,病因,环境因素，心情，代谢因素
子宫囊肿,主要症状,下腹部包块，阴道分泌物增多，灼热感
子宫囊肿,治疗方法,药物治疗
子宫囊肿,传染性,无传染性
子宫囊肿,别称,宫颈囊肿
脑囊肿,发病部位,大脑
脑囊肿,描述,脑内异常囊性肿物
脑囊肿,病因,尚不清楚
脑囊肿,主要症状,头痛，恶心呕吐，脑积水，视力障碍
脑囊肿,治疗方法,手术治疗，药物治疗，康复治疗
脑囊肿,传染性,无传染性
脑炎,发病部位,大脑
脑炎,描述,脑实质受病原体侵袭导致的炎症性病变
脑炎,预防,增强免疫力
脑炎,病因,病毒因素，细菌，立克次体，寄生虫
脑炎,主要症状,发热，耳鸣，头痛，恶心，呕吐，身痛
脑炎,治疗方法,药物治疗，康复治疗
脑炎,多发群体,免疫力低人群
脑炎,传染性,有传染性
脑炎,传播途径,野生动物，蜱
小肠纤维瘤,发病部位,小肠
小肠纤维瘤,描述,小肠纤维瘤是由小肠黏膜纤维组织发生的良性肿瘤
小肠纤维瘤,预防,忌烟忌酒，健康饮食
小肠纤维瘤,病因,尚不清楚
小肠纤维瘤,主要症状,腹痛，腹胀，消化道出血
小肠纤维瘤,治疗方法,手术治疗，药物治疗，康复治疗
小肠纤维瘤,传染性,无传染性
甲状腺囊肿,发病部位,甲状腺
甲状腺囊肿,描述,甲状腺囊肿是指在甲状腺中发现含有液体的囊状物
甲状腺囊肿,预防,忌烟忌酒，养成良好的生活习惯，生活要规律
甲状腺囊肿,病因,遗传，缺碘
甲状腺囊肿,主要症状,颈前部肿物
甲状腺囊肿,治疗方法,药物治疗，支持性治疗，手术治疗
膀胱囊肿,发病部位,膀胱
膀胱囊肿,描述,膀胱囊肿就是膀胱粘膜下呈囊状扩张突向膀胱
膀胱囊肿,预防,经常体检
膀胱囊肿,病因,尚不清楚
膀胱囊肿,主要症状,尿频，尿急
膀胱囊肿,治疗方法,手术治疗
膀胱囊肿,传染性,无传染性
胆囊囊肿,发病部位,胆囊
胆囊囊肿,描述,胆囊囊肿是长在胆囊上的囊状良性包块
胆囊囊肿,预防,定期体检，规律性监测囊肿的变化情况
胆囊囊肿,病因,尚不清楚
胆囊囊肿,主要症状,放射性疼痛，腹痛伴黄疸
胆囊囊肿,治疗方法,药物治疗，支持性治疗，手术治疗
胆囊囊肿,传染性,无传染性
胆囊囊肿,多发群体,饮食不规律者
肺泡癌,发病部位,肺
肺泡癌,描述,是一种早期的肺腺癌
肺泡癌,预防,禁止吸烟，注意空气环境
肺泡癌,病因,吸烟，放射，大气污染，遗传因素
肺泡癌,主要症状,痰中带血丝，胸痛，发热伴咳嗽
肺泡癌,治疗方法,手术治疗，药物治疗
肺泡癌,传染性,无传染性
肝结石,发病部位,肝脏
肝结石,描述,肝结石就是肝内结石
肝结石,预防,注意休息，饮食合理，定期体检
肝结石,病因,胆道的细菌感染，寄生虫感染
肝结石,主要症状,上腹部疼痛，上腹不适
肝结石,治疗方法,手术治疗，药物治疗，支持性治疗
肝结石,传染性,无传染性
阴囊癌,发病部位,阴囊
阴囊癌,描述,阴囊癌主要有鳞状细胞癌、基底细胞癌及炎性癌三种，以鳞状细胞癌多见
阴囊癌,预防,避免致癌物质的侵害
阴囊癌,病因,尚不清楚
阴囊癌,主要症状,腹股沟淋巴结肿大，无痛性阴囊内肿块，阴囊瘙痒
阴囊癌,治疗方法,手术治疗，化疗，放疗
阴囊癌,传染性,无传染性
咽喉癌,发病部位,咽
咽喉癌,描述,咽喉癌是鼻咽癌，口咽癌，喉癌的总称
咽喉癌,预防,忌烟忌酒，养成良好的生活习惯，生活要规律
咽喉癌,病因,化学物质，不良口腔习惯，遗传，病毒因素
咽喉癌,主要症状,咽喉疼痛，咽喉部充血
咽喉癌,治疗方法,药物治疗，手术治疗，放射治疗
咽喉癌,传染性,无传染性
指骨骨折,发病部位,骨架
指骨骨折,描述,指骨骨折在手部最为常见，多为开放性骨折
指骨骨折,预防,注意生活安全
指骨骨折,病因,直接暴力
指骨骨折,主要症状,疼痛，肿胀，活动功能受限，局部畸形
指骨骨折,治疗方法,康复治疗，支持性治疗
指骨骨折,传染性,无传染性
指骨骨折,别称,竹节骨骨折
食管间质瘤,发病部位,食道
食管间质瘤,描述,食管间质瘤是原发于食管内除平滑肌瘤或神经源性肿瘤之外的另一类间叶源性肿瘤
食管间质瘤,预防,注意饮食卫生，加强身体素质
食管间质瘤,病因,环境因素，遗传因素
食管间质瘤,主要症状,吞咽困难，消化道出血
食管间质瘤,治疗方法,手术治疗，支持性治疗
食管间质瘤,传染性,无传染性
肠道肿瘤,发病部位,大肠
肠道肿瘤,描述,发生于小肠和大肠的肿瘤
肠道肿瘤,预防,健康饮食，保持良好生活习惯
肠道肿瘤,病因,饮食结构不合理，慢性大肠炎，环境因素，遗传因素
肠道肿瘤,主要症状,排便频率异常，便血，便秘
肠道肿瘤,治疗方法,手术治疗，支持性治疗，药物治疗
肠道肿瘤,传染性,无传染性
松果体细胞瘤,发病部位,松果体
松果体细胞瘤,描述,松果体细胞瘤是发生于松果体实质细胞的肿瘤
松果体细胞瘤,预防,定期进行体检
松果体细胞瘤,病因,尚不清楚
松果体细胞瘤,主要症状,头痛，呕吐，眼底水肿，眼球活动障碍，听力障碍
松果体细胞瘤,治疗方法,手术治疗，支持性治疗，康复治疗
松果体细胞瘤,传染性,无传染性
乳腺结节,发病部位,乳腺
乳腺结节,描述,乳腺结节就是乳腺囊性增生病，是一种非肿瘤的疾病
乳腺结节,预防,定期体检
乳腺结节,病因,内分泌失调，基因因素
乳腺结节,主要症状,乳房疼痛，乳房肿块
乳腺结节,治疗方法,药物治疗，对症治疗，康复治疗
乳腺结节,传染性,无传染性
乳腺结节,多发群体,育龄女性
支气管源性囊肿,发病部位,支气管
支气管源性囊肿,描述,支气管源性囊肿是指先天性的呼吸系统发育异常所引起的一种囊性肿物，又称支气管囊肿
支气管源性囊肿,预防,积极治疗呼吸道感染
支气管源性囊肿,病因,尚不清楚，可能与胚胎发育因素有关
支气管源性囊肿,主要症状,咳嗽，咳痰，胸痛，呼吸困难
支气管源性囊肿,治疗方法,药物治疗，支持性治疗，手术治疗
支气管源性囊肿,传染性,无传染性
支气管源性囊肿,别称,支气管囊肿
大脑大静脉瘤,发病部位,大脑
大脑大静脉瘤,描述,大脑大静脉瘤主要为大脑大静脉的瘤样扩张而非真正意义上的动脉瘤
大脑大静脉瘤,预防,早发现、早诊断、早治疗
大脑大静脉瘤,主要症状,头围增大，脑缺血，癫痫，出血性梗死
大脑大静脉瘤,治疗方法,手术治疗，药物治疗，支持性治疗
大脑大静脉瘤,传染性,无传染性
大脑大静脉瘤,别称,Galen静脉瘤
肠系膜动脉瘤,发病部位,肠系膜
肠系膜动脉瘤,描述,肠系膜动脉瘤是指肠系膜上、下动脉及其分支扩张形成的动脉瘤
肠系膜动脉瘤,预防,注意休息，劳逸结合，生活有序，保持乐观生活态度
肠系膜动脉瘤,病因,真菌、细菌感染，动脉硬化，中膜退行性变性
肠系膜动脉瘤,主要症状,腹部不适，进食后腹痛腹泻，食欲不振，便血，体重下降
肠系膜动脉瘤,治疗方法,手术治疗，康复治疗，支持性治疗
肠系膜动脉瘤,传染性,无传染性
食管肉瘤,发病部位,食道
食管肉瘤,描述,食管肉瘤是源于间叶组织的恶性肿瘤
食管肉瘤,预防,体检
食管肉瘤,病因,尚不清楚
食管肉瘤,主要症状,吞咽困难，胸骨后异物感、烧灼感
食管肉瘤,治疗方法,手术治疗，药物治疗
食管肉瘤,传染性,无传染性
卵巢肿瘤,发病部位,卵巢
卵巢肿瘤,描述,卵巢肿瘤是指发生于卵巢上的肿瘤
卵巢肿瘤,预防,定期体检，早发现，早治疗
卵巢肿瘤,病因,遗传因素，环境因素
卵巢肿瘤,主要症状,下腹沉坠或牵痛，腹部肿块，腹水，衰弱，发热，食欲不振
卵巢肿瘤,治疗方法,药物治疗，手术治疗
卵巢肿瘤,传染性,无传染性
肺功能衰竭,发病部位,肺
肺功能衰竭,描述,肺通气和换气功能严重障碍
肺功能衰竭,病因,溺水，电击，外伤，药物中毒，肺气肿，肺结核，广泛性肺纤维化
肺功能衰竭,主要症状,呼吸困难
肺功能衰竭,治疗方法,采取鼻导管低浓度或高浓度吸氧
肺功能衰竭,传染性,无传染性
肝炎,发病部位,肝脏
肝炎,描述,肝炎是肝脏炎症的统称
肝炎,预防,早发现、早诊断、早治疗
肝炎,病因,病毒因素，细菌，寄生虫，药物，酒精
肝炎,主要症状,食欲减退，腹胀，恶心呕吐，厌油腻食物
肝炎,治疗方法,药物治疗，支持性治疗
肝炎,传染性,母婴传播，医源性传染，输血传播，密切生活接触传播，性传播
脑干肿瘤,发病部位,脑干
脑干肿瘤,描述,脑干肿瘤以神经胶质细胞瘤多见，其次是血管网状细胞瘤和海绵状血管瘤
脑干肿瘤,病因,尚不清楚
脑干肿瘤,主要症状,颅内压增高，恶心，头痛，眩晕
脑干肿瘤,治疗方法,手术治疗，放射性治疗，药物治疗
脑干肿瘤,传染性,无传染性
膀胱肿瘤,发病部位,膀胱
膀胱肿瘤,描述,膀胱肿瘤是泌尿系最常见肿瘤
膀胱肿瘤,预防,加强劳动保护，减少外源性致癌物质的接触，平时多饮水及时排尿
膀胱肿瘤,病因,尚不清楚，可能与化学致癌物质有关
膀胱肿瘤,主要症状,腹部肿块，排尿疼痛，尿频，膀胱刺激症状
膀胱肿瘤,治疗方法,手术治疗，药物治疗，支持性治疗
膀胱肿瘤,传染性,无传染性
脾动脉瘤,发病部位,动脉
脾动脉瘤,描述,脾动脉瘤是内脏动脉中最常见的动脉瘤
脾动脉瘤,预防,早发现、早诊断、早治疗
脾动脉瘤,病因,脾动脉中层组织及弹力纤维层的萎缩和缺损
脾动脉瘤,主要症状,肝脾肿大，腹水，上腹部疼痛，恶心呕吐
脾动脉瘤,治疗方法,手术治疗，康复治疗，支持性治疗
脾动脉瘤,传染性,无传染性
脾囊肿,发病部位,脾脏
脾囊肿,描述,脾脏组织的瘤样囊性病变
脾囊肿,预防,健康饮食，加强锻炼
脾囊肿,病因,寄生虫
脾囊肿,主要症状,上腹不适，便秘，消化不良
脾囊肿,治疗方法,手术治疗，药物治疗
脾囊肿,传染性,无传染性
脑胶质瘤,发病部位,大脑
脑胶质瘤,描述,脑胶质瘤是由于大脑和脊髓胶质细胞癌变所产生的原发性颅脑肿瘤
脑胶质瘤,预防,远离致癌因素
脑胶质瘤,病因,遗传因素，化学因素，放射性射线辐射
脑胶质瘤,主要症状,脑积水，持物不稳，精神障碍，共济失调，颅内压增高，感觉障碍
脑胶质瘤,治疗方法,以外科手术为主的综合性治疗
脑胶质瘤,传染性,无传染性
前列腺囊肿,发病部位,前列腺
前列腺囊肿,描述,前列腺囊肿是由于前列腺腺体先天性或后天性原因而发生囊样改变
前列腺囊肿,预防,注意个人清洁卫生，保持心情舒畅，不久坐
前列腺囊肿,病因,前列腺腺体在胚胎发育期内受到障碍，内分泌失调
前列腺囊肿,主要症状,尿频，脓尿，血尿，男性小腹痛
前列腺囊肿,治疗方法,药物治疗，支持性治疗，康复治疗
前列腺囊肿,传染性,无传染性
肠系膜囊肿,发病部位,肠系膜
肠系膜囊肿,描述,肠系膜囊肿系肠系膜淋巴管膨大，囊肿化
肠系膜囊肿,病因,先天性原因，创伤，感染
肠系膜囊肿,主要症状,腹部肿块，胀感，腹痛，恶心
肠系膜囊肿,治疗方法,手术治疗，药物治疗，康复治疗
肠系膜囊肿,传染性,无传染性
胃神经纤维瘤,发病部位,胃
胃神经纤维瘤,描述,胃神经纤维瘤属神经源性肿瘤
胃神经纤维瘤,预防,保持良好心态，健康饮食，多运动
胃神经纤维瘤,病因,尚不清楚
胃神经纤维瘤,主要症状,周期性疼痛，消化不良，食欲减退
胃神经纤维瘤,治疗方法,药物治疗，支持性治疗，手术治疗
胃神经纤维瘤,传染性,无传染性
胃神经纤维瘤,多发群体,中年人
胃溃疡,发病部位,胃
胃溃疡,描述,胃溃疡是指发生在胃角、胃窦、贲门和裂孔疝等部位的溃疡，是消化性溃疡的一种
胃溃疡,预防,注意饮食卫生，加强身体素质
胃溃疡,病因,幽门螺杆菌感染，药物因素，饮食问题，遗传因素
胃溃疡,主要症状,上腹部疼痛
胃溃疡,治疗方法,药物治疗，康复治疗
胃溃疡,传染性,无传染性
乳腺纤维肉瘤,发病部位,乳腺
乳腺纤维肉瘤,描述,乳腺纤维肉瘤在乳腺肉瘤中较为常见
乳腺纤维肉瘤,预防,养成良好作息，适量运动，避免过度刺激
乳腺纤维肉瘤,病因,尚不清楚
乳腺纤维肉瘤,主要症状,泌乳障碍，结节，乳房肿块
乳腺纤维肉瘤,治疗方法,手术治疗，药物治疗，支持性
乳腺纤维肉瘤,传染性,无传染性
神经系统先天性疾病,发病部位,神经系统
神经系统先天性疾病,描述,神经系统先天性疾病是胚胎发育期多种致病因素引起的获得性神经系统发生或发育缺陷性疾病
神经系统先天性疾病,预防,注意妇婴围生期保健和新生儿喂养护理
神经系统先天性疾病,病因,尚不清楚，可能与胚胎发育受到致畸因素有关
神经系统先天性疾病,主要症状,颅骨和脊柱畸形，神经组织发育缺陷，代谢功能障碍，言语功能发育不全
神经系统先天性疾病,治疗方法,药物治疗，康复治疗
神经系统先天性疾病,传染性,无传染性
神经系统先天性疾病,别称,神经系统发育异常性疾病
神经系统先天性疾病,多发群体,胎儿
胰多肽瘤,发病部位,胰脏
胰多肽瘤,描述,胰多肽瘤是消化道内分泌肿瘤之一，主要发生在胰腺内分泌细胞中含有胰多肽的细胞
胰多肽瘤,预防,早发现、早诊断、早治疗
胰多肽瘤,病因,胰多肽分泌过多
胰多肽瘤,主要症状,腹痛，体重减轻，腹泻，腹水
胰多肽瘤,治疗方法,手术治疗，药物治疗，支持性治疗
胰多肽瘤,传染性,无传染性
十二指肠溃疡,发病部位,十二指肠
十二指肠溃疡,描述,十二指肠溃疡由于多种因素引起的十二指肠黏膜层和肌层的缺损
十二指肠溃疡,预防,戒烟，控制饮食
十二指肠溃疡,病因,胃酸过多，遗传因素，环境因素，精神因素
十二指肠溃疡,主要症状,剑突下持续性疼痛，可被制酸剂或进食缓解
十二指肠溃疡,治疗方法,药物治疗，支持性治疗，手术治疗
十二指肠溃疡,传染性,无传染性
十二指肠腺癌,发病部位,十二指肠
十二指肠腺癌,描述,十二指肠腺癌指起源于十二指肠黏膜上皮的癌
十二指肠腺癌,预防,早发现、早诊断、早治疗
十二指肠腺癌,病因,尚不清楚
十二指肠腺癌,主要症状,上腹不适，钝痛，恶心，厌食
十二指肠腺癌,治疗方法,手术治疗为主，其他如化疗、对症处理
十二指肠腺癌,传染性,无传染性
食管类癌,发病部位,食道
食管类癌,描述,食管类癌是起源于消化道嗜铬细胞的分化良好的神经内分泌肿瘤
食管类癌,预防,健康饮食，定期体检
食管类癌,病因,尚不清楚，可能与饮食相关
食管类癌,主要症状,吞咽时胸骨后不适或噎痛感
食管类癌,治疗方法,手术治疗，药物治疗，支持性治疗
食管类癌,传染性,无传染性
食管类癌,多发群体,男性
食管囊肿,发病部位,食道
食管囊肿,描述,食管囊肿是较少见的食管良性肿物，是胚胎期的残余组织
食管囊肿,预防,早发现、早诊断、早治疗
食管囊肿,病因,病因不清，或为先天性发育畸形
食管囊肿,主要症状,胸痛，呼吸困难，吞咽困难，囊肿
食管囊肿,治疗方法,药物治疗，支持性治疗
食管囊肿,传染性,无传染性
输尿管肿瘤,发病部位,输尿管
输尿管肿瘤,描述,输尿管肿瘤按肿瘤性质可分为良性和恶性
输尿管肿瘤,病因,尚不清楚
输尿管肿瘤,主要症状,腹部肿块，输尿管痉挛，血尿，腹痛
输尿管肿瘤,治疗方法,手术治疗，药物治疗，支持性治疗
输尿管肿瘤,传染性,无传染性
脑萎缩,发病部位,大脑
脑萎缩,描述,脑组织本身发生器质性病变而产生萎缩
脑萎缩,预防,早发现、早诊断、早治疗
脑萎缩,病因,遗传因素，脑外伤，脑卒中，脑炎
脑萎缩,主要症状,痴呆，记忆力障碍，口齿不清
脑萎缩,治疗方法,药物治疗，康复治疗
脑萎缩,传染性,无传染性
糖尿病性视网膜病变,发病部位,视网膜
糖尿病性视网膜病变,描述,糖尿病性视网膜病变是一种具有特异性改变的眼底病变，是糖尿病的严重并发症之一
糖尿病性视网膜病变,预防,控制糖尿病的发展
糖尿病性视网膜病变,病因,胰岛素代谢异常
糖尿病性视网膜病变,主要症状,微动脉瘤，出血斑点，黄斑水肿
糖尿病性视网膜病变,治疗方法,药物治疗，手术治疗
糖尿病性视网膜病变,传染性,无传染性
糖尿病性视网膜病变,别称,糖尿病视网膜病变
胆囊炎,发病部位,胆囊
胆囊炎,描述,胆囊炎是细菌性感染或化学性刺激引起的胆囊炎性病变
胆囊炎,预防,健康饮食，保持良好生活习惯
胆囊炎,病因,免疫低下，结石梗阻
胆囊炎,主要症状,右上腹剧痛或绞痛
胆囊炎,治疗方法,药物治疗，支持性治疗
胆囊炎,传染性,无传染性
肺不张,发病部位,肺
肺不张,描述,肺不张系指一个或多个肺段或肺叶的容量或含气量减少
肺不张,预防,忌烟，增强体质
肺不张,病因,支气管腔内阻塞
肺不张,主要症状,胸闷，气急，呼吸困难，干咳
肺不张,治疗方法,物理治疗，手术治疗
肺不张,传染性,无传染性
心脏肥大,发病部位,心脏
心脏肥大,描述,心脏的体积增大
心脏肥大,预防,健康生活，保持身体健康
心脏肥大,病因,高血压，扩张性心肌病
心脏肥大,主要症状,胸闷，心律失常
心脏肥大,治疗方法,物理治疗，药物治疗
心脏肥大,传染性,无传染性
胸腔积液,描述,指胸膜腔内液体积聚过多
胸腔积液,预防,健康生活，保持身体健康
胸腔积液,病因,炎症，恶性肿瘤，创伤等
胸腔积液,主要症状,胸闷，呼吸困难，胸痛
胸腔积液,治疗方法,药物治疗，手术治疗
胸腔积液,传染性,无传染性
肺浸润,发病部位,肺
肺浸润,描述,肺浸润是一种比空气密度大的物质，如脓液、血液或蛋白质，滞留在肺实质内
肺浸润,预防,健康生活，保持身体健康
肺浸润,病因,炎症，细菌感染等
肺浸润,主要症状,胸痛，咳嗽，咳痰
肺浸润,治疗方法,药物治疗
肺浸润,传染性,无传染性
肺肿块,发病部位,肺
肺肿块,描述,指影像学上肺内直径>3cm的类圆形的肺部阴影
肺肿块,预防,保持健康体质
肺肿块,病因,肺部感染、肺部肿瘤、肺结核等疾病导致
肺肿块,主要症状,呼吸困难，咳血，胸痛
肺肿块,治疗方法,药物治疗，手术治疗
肺肿块,传染性,无传染性
肺结节,发病部位,肺
肺结节,描述,指影像学上肺内直径≤3cm的局灶性、类圆形的、密度增高的实质性或亚实质性的肺部阴影
肺结节,预防,忌烟，增强体质
肺结节,病因,肺部感染，慢性刺激
肺结节,主要症状,胸闷，乏力
肺结节,治疗方法,药物治疗，手术治疗
肺结节,传染性,无传染性
肺炎,发病部位,肺
肺炎,描述,肺炎是指终末气道、肺泡和肺间质的炎症
肺炎,预防,注防寒保暖，增强体质
肺炎,病因,细菌感染
肺炎,主要症状,咳泡沫黏液痰，呼吸困难，咳嗽，胸痛
肺炎,治疗方法,药物治疗，支持性治疗
肺炎,传染性,无传染性
气胸,发病部位,肺
气胸,描述,气体进入胸膜腔，造成积气状态
气胸,预防,忌烟，避免剧烈运动
气胸,病因,胸部损伤，肺部疾病，肺大疱
气胸,主要症状,胸痛，呼吸困难
气胸,治疗方法,支持性治疗，手术治疗
气胸,传染性,无传染性